Datetime,Open,High,Low,Close,Volume
2023-01-02 09:15:00+05:30,423.0,426.25,416.04998779296875,416.8999938964844,0
2023-01-02 10:15:00+05:30,416.8999938964844,418.20001220703125,415.79998779296875,417.6499938964844,22185
2023-01-02 11:15:00+05:30,417.1499938964844,423.0,417.1499938964844,422.1000061035156,37520
2023-01-02 12:15:00+05:30,422.5,424.8999938964844,421.29998779296875,422.3500061035156,30793
2023-01-02 13:15:00+05:30,422.29998779296875,422.8999938964844,421.1000061035156,422.3500061035156,10918
2023-01-02 14:15:00+05:30,422.04998779296875,422.20001220703125,418.1000061035156,419.1499938964844,41514
2023-01-02 15:15:00+05:30,419.1499938964844,422.8999938964844,417.8500061035156,419.54998779296875,33050
2023-01-03 09:15:00+05:30,419.54998779296875,420.3999938964844,416.1000061035156,417.0,0
2023-01-03 10:15:00+05:30,416.8999938964844,417.1000061035156,414.1000061035156,415.54998779296875,33950
2023-01-03 11:15:00+05:30,415.54998779296875,415.70001220703125,415.0,415.1499938964844,16203
2023-01-03 12:15:00+05:30,415.1499938964844,415.25,410.6499938964844,411.0,41288
2023-01-03 13:15:00+05:30,410.5,413.20001220703125,410.5,412.95001220703125,15836
2023-01-03 14:15:00+05:30,412.70001220703125,413.0,409.8999938964844,409.8999938964844,44493
2023-01-03 15:15:00+05:30,409.8999938964844,410.75,408.70001220703125,410.25,29943
2023-01-04 09:15:00+05:30,412.0,419.79998779296875,403.79998779296875,405.04998779296875,0
2023-01-04 10:15:00+05:30,405.04998779296875,408.20001220703125,404.6000061035156,407.54998779296875,18862
2023-01-04 11:15:00+05:30,407.5,407.8999938964844,404.29998779296875,404.75,17674
2023-01-04 12:15:00+05:30,404.6499938964844,408.75,404.6499938964844,407.29998779296875,5889
2023-01-04 13:15:00+05:30,407.6000061035156,407.70001220703125,405.54998779296875,406.70001220703125,19315
2023-01-04 14:15:00+05:30,407.1499938964844,407.6000061035156,405.0,406.04998779296875,37523
2023-01-04 15:15:00+05:30,406.29998779296875,406.8500061035156,404.6000061035156,406.25,22974
2023-01-05 09:15:00+05:30,407.54998779296875,408.1499938964844,399.25,400.6499938964844,0
2023-01-05 10:15:00+05:30,400.79998779296875,400.79998779296875,399.0,400.70001220703125,24203
2023-01-05 11:15:00+05:30,400.5,400.75,399.0,400.29998779296875,17474
2023-01-05 12:15:00+05:30,400.75,405.95001220703125,400.0,401.20001220703125,34868
2023-01-05 13:15:00+05:30,400.79998779296875,410.45001220703125,400.29998779296875,409.70001220703125,49251
2023-01-05 14:15:00+05:30,409.8999938964844,415.70001220703125,409.54998779296875,409.8999938964844,95821
2023-01-05 15:15:00+05:30,409.95001220703125,415.1499938964844,408.0,412.1499938964844,48940
2023-01-06 09:15:00+05:30,414.6000061035156,414.6000061035156,409.54998779296875,410.70001220703125,0
2023-01-06 10:15:00+05:30,410.5,411.3999938964844,408.79998779296875,410.54998779296875,21254
2023-01-06 11:15:00+05:30,410.6000061035156,410.8999938964844,409.8500061035156,410.25,5531
2023-01-06 12:15:00+05:30,410.70001220703125,410.70001220703125,407.1499938964844,407.3999938964844,12111
2023-01-06 13:15:00+05:30,407.70001220703125,410.5,406.3999938964844,409.8999938964844,14354
2023-01-06 14:15:00+05:30,410.20001220703125,412.25,408.0,411.0,22145
2023-01-06 15:15:00+05:30,411.0,411.5,407.95001220703125,410.45001220703125,15643
2023-01-09 09:15:00+05:30,412.54998779296875,416.20001220703125,410.70001220703125,414.29998779296875,0
2023-01-09 10:15:00+05:30,413.95001220703125,414.70001220703125,411.29998779296875,411.8500061035156,8670
2023-01-09 11:15:00+05:30,411.8999938964844,413.20001220703125,411.29998779296875,412.45001220703125,5808
2023-01-09 12:15:00+05:30,412.54998779296875,412.8500061035156,411.04998779296875,411.75,6954
2023-01-09 13:15:00+05:30,411.75,412.20001220703125,408.0,408.1499938964844,10828
2023-01-09 14:15:00+05:30,408.1499938964844,411.8500061035156,407.0,410.75,18479
2023-01-09 15:15:00+05:30,411.0,412.45001220703125,407.25,409.75,15063
2023-01-10 09:15:00+05:30,411.1000061035156,411.3999938964844,407.04998779296875,409.3500061035156,0
2023-01-10 10:15:00+05:30,409.45001220703125,409.6499938964844,407.8500061035156,409.0,7907
2023-01-10 11:15:00+05:30,409.0,410.04998779296875,407.54998779296875,409.3500061035156,9923
2023-01-10 12:15:00+05:30,409.29998779296875,410.0,407.70001220703125,408.75,5086
2023-01-10 13:15:00+05:30,408.45001220703125,410.25,408.0,408.70001220703125,14386
2023-01-10 14:15:00+05:30,409.20001220703125,416.8999938964844,408.0,415.8999938964844,29856
2023-01-10 15:15:00+05:30,414.6000061035156,415.8500061035156,411.3500061035156,413.79998779296875,26890
2023-01-11 09:15:00+05:30,415.75,423.20001220703125,412.8999938964844,418.25,133479
2023-01-11 10:15:00+05:30,418.25,419.8999938964844,414.45001220703125,415.0,41171
2023-01-11 11:15:00+05:30,415.1499938964844,415.6499938964844,404.5,404.5,63208
2023-01-11 12:15:00+05:30,404.6499938964844,405.3999938964844,399.8999938964844,402.54998779296875,80661
2023-01-11 13:15:00+05:30,402.54998779296875,403.1499938964844,399.3999938964844,400.8999938964844,51218
2023-01-11 14:15:00+05:30,400.8999938964844,405.8999938964844,400.0,401.25,70602
2023-01-11 15:15:00+05:30,401.0,402.5,400.0,401.8999938964844,35488
2023-01-12 09:15:00+05:30,406.3999938964844,417.3999938964844,403.0,412.3999938964844,0
2023-01-12 10:15:00+05:30,412.45001220703125,421.1000061035156,411.29998779296875,415.75,220277
2023-01-12 11:15:00+05:30,415.75,417.20001220703125,415.0,415.8500061035156,43910
2023-01-12 12:15:00+05:30,415.70001220703125,417.29998779296875,415.20001220703125,416.25,46536
2023-01-12 13:15:00+05:30,416.25,416.70001220703125,411.6000061035156,416.5,64970
2023-01-12 14:15:00+05:30,416.0,416.0,410.6499938964844,412.0,73423
2023-01-12 15:15:00+05:30,411.8500061035156,414.8999938964844,409.0,412.70001220703125,56600
2023-01-13 09:15:00+05:30,414.5,414.5,402.8500061035156,406.1000061035156,0
2023-01-13 10:15:00+05:30,406.25,409.8500061035156,405.45001220703125,408.0,39593
2023-01-13 11:15:00+05:30,407.45001220703125,408.45001220703125,406.20001220703125,407.0,15287
2023-01-13 12:15:00+05:30,406.95001220703125,408.45001220703125,406.3500061035156,407.1000061035156,19993
2023-01-13 13:15:00+05:30,407.1000061035156,408.8500061035156,406.70001220703125,408.79998779296875,7793
2023-01-13 14:15:00+05:30,408.3500061035156,408.5,406.25,406.79998779296875,25873
2023-01-13 15:15:00+05:30,406.75,407.75,404.0,406.1499938964844,26649
2023-01-16 09:15:00+05:30,406.20001220703125,411.95001220703125,406.20001220703125,409.5,0
2023-01-16 10:15:00+05:30,409.8999938964844,410.0,408.75,410.0,8148
2023-01-16 11:15:00+05:30,409.45001220703125,410.0,408.6000061035156,409.04998779296875,6044
2023-01-16 12:15:00+05:30,408.70001220703125,409.45001220703125,408.0,408.6499938964844,6419
2023-01-16 13:15:00+05:30,408.8500061035156,409.70001220703125,408.5,408.5,2755
2023-01-16 14:15:00+05:30,408.54998779296875,410.3999938964844,407.0,410.20001220703125,23718
2023-01-16 15:15:00+05:30,408.8500061035156,410.6000061035156,407.0,409.29998779296875,12368
2023-01-17 09:15:00+05:30,410.8999938964844,410.8999938964844,403.54998779296875,405.0,0
2023-01-17 10:15:00+05:30,405.0,405.0,403.04998779296875,403.5,13786
2023-01-17 11:15:00+05:30,403.1000061035156,403.79998779296875,403.04998779296875,403.75,7939
2023-01-17 12:15:00+05:30,403.75,404.5,402.5,402.5,16418
2023-01-17 13:15:00+05:30,402.5,402.8999938964844,399.8500061035156,399.8500061035156,62261
2023-01-17 14:15:00+05:30,400.20001220703125,400.95001220703125,399.5,400.75,30552
2023-01-17 15:15:00+05:30,400.75,401.1499938964844,398.0,399.5,29526
2023-01-18 09:15:00+05:30,401.6000061035156,403.6000061035156,399.04998779296875,399.75,0
2023-01-18 10:15:00+05:30,399.75,399.8999938964844,396.04998779296875,396.29998779296875,21919
2023-01-18 11:15:00+05:30,396.29998779296875,398.5,396.29998779296875,397.95001220703125,8441
2023-01-18 12:15:00+05:30,397.95001220703125,399.75,397.04998779296875,398.95001220703125,12982
2023-01-18 13:15:00+05:30,398.95001220703125,399.29998779296875,398.29998779296875,398.70001220703125,4476
2023-01-18 14:15:00+05:30,398.70001220703125,399.45001220703125,398.45001220703125,398.70001220703125,13221
2023-01-18 15:15:00+05:30,398.70001220703125,399.5,395.75,397.0,17499
2023-01-19 09:15:00+05:30,396.0,398.0,388.95001220703125,389.6499938964844,0
2023-01-19 10:15:00+05:30,390.0,391.95001220703125,387.29998779296875,388.8500061035156,39933
2023-01-19 11:15:00+05:30,388.6499938964844,389.45001220703125,387.29998779296875,389.3500061035156,26738
2023-01-19 12:15:00+05:30,389.3500061035156,390.45001220703125,388.6000061035156,390.1000061035156,15136
2023-01-19 13:15:00+05:30,390.1000061035156,390.1000061035156,387.45001220703125,387.6499938964844,12965
2023-01-19 14:15:00+05:30,387.6499938964844,388.95001220703125,386.70001220703125,388.1000061035156,37267
2023-01-19 15:15:00+05:30,388.45001220703125,388.6000061035156,386.6000061035156,387.79998779296875,22909
2023-01-20 09:15:00+05:30,387.79998779296875,388.45001220703125,379.6499938964844,380.45001220703125,0
2023-01-20 10:15:00+05:30,380.0,382.0,380.0,381.3999938964844,38447
2023-01-20 11:15:00+05:30,381.3999938964844,381.8500061035156,380.79998779296875,381.75,17018
2023-01-20 12:15:00+05:30,381.3999938964844,382.5,380.8999938964844,381.8999938964844,12743
2023-01-20 13:15:00+05:30,381.8500061035156,382.5,381.1000061035156,382.1499938964844,14765
2023-01-20 14:15:00+05:30,381.70001220703125,382.75,381.0,382.5,46523
2023-01-20 15:15:00+05:30,382.75,382.75,381.0,381.95001220703125,217887
2023-01-23 09:15:00+05:30,383.70001220703125,384.79998779296875,377.3500061035156,379.8999938964844,0
2023-01-23 10:15:00+05:30,379.79998779296875,382.75,379.1000061035156,379.3999938964844,23532
2023-01-23 11:15:00+05:30,379.3999938964844,380.29998779296875,375.6499938964844,376.04998779296875,25620
2023-01-23 12:15:00+05:30,375.79998779296875,376.25,373.95001220703125,375.20001220703125,28184
2023-01-23 13:15:00+05:30,375.0,375.8999938964844,374.29998779296875,375.0,13277
2023-01-23 14:15:00+05:30,374.70001220703125,375.70001220703125,374.1499938964844,374.6000061035156,15830
2023-01-23 15:15:00+05:30,374.5,376.5,373.1000061035156,374.54998779296875,24495
2023-01-24 09:15:00+05:30,376.04998779296875,379.95001220703125,373.79998779296875,374.70001220703125,0
2023-01-24 10:15:00+05:30,374.6499938964844,376.29998779296875,374.3999938964844,374.70001220703125,28307
2023-01-24 11:15:00+05:30,374.45001220703125,376.1000061035156,374.29998779296875,375.95001220703125,10749
2023-01-24 12:15:00+05:30,375.95001220703125,376.54998779296875,374.54998779296875,374.79998779296875,11210
2023-01-24 13:15:00+05:30,375.0,375.54998779296875,374.29998779296875,374.70001220703125,8440
2023-01-24 14:15:00+05:30,374.75,376.0,374.25,374.79998779296875,21411
2023-01-24 15:15:00+05:30,374.5,375.20001220703125,371.95001220703125,374.1000061035156,21023
2023-01-25 09:15:00+05:30,372.25,385.25,370.0,370.1499938964844,0
2023-01-25 10:15:00+05:30,369.79998779296875,375.75,369.79998779296875,375.5,27403
2023-01-25 11:15:00+05:30,375.5,376.29998779296875,372.5,372.5,22182
2023-01-25 12:15:00+05:30,372.5,372.70001220703125,369.54998779296875,369.6499938964844,18466
2023-01-25 13:15:00+05:30,369.95001220703125,372.3500061035156,369.70001220703125,370.70001220703125,23594
2023-01-25 14:15:00+05:30,371.0,372.29998779296875,369.75,370.95001220703125,32614
2023-01-25 15:15:00+05:30,371.0,371.20001220703125,368.6499938964844,369.20001220703125,20891
2023-01-27 09:15:00+05:30,372.29998779296875,373.04998779296875,364.25,364.5,0
2023-01-27 10:15:00+05:30,364.3999938964844,369.79998779296875,364.0,366.8500061035156,18924
2023-01-27 11:15:00+05:30,366.75,367.45001220703125,365.0,365.20001220703125,28958
2023-01-27 12:15:00+05:30,365.0,366.95001220703125,365.0,365.79998779296875,36818
2023-01-27 13:15:00+05:30,365.79998779296875,365.79998779296875,364.54998779296875,365.1499938964844,38972
2023-01-27 14:15:00+05:30,365.3999938964844,368.0,364.04998779296875,365.6499938964844,33805
2023-01-27 15:15:00+05:30,365.75,366.8999938964844,364.20001220703125,365.6000061035156,34831
2023-01-30 09:15:00+05:30,365.6000061035156,367.6000061035156,357.95001220703125,360.79998779296875,0
2023-01-30 10:15:00+05:30,360.95001220703125,361.6000061035156,358.3500061035156,359.6000061035156,13107
2023-01-30 11:15:00+05:30,359.75,361.70001220703125,359.25,360.95001220703125,14077
2023-01-30 12:15:00+05:30,361.1499938964844,361.1499938964844,359.75,360.04998779296875,6628
2023-01-30 13:15:00+05:30,359.95001220703125,361.29998779296875,359.20001220703125,360.95001220703125,8586
2023-01-30 14:15:00+05:30,360.29998779296875,362.45001220703125,360.04998779296875,361.5,23368
2023-01-30 15:15:00+05:30,361.5,362.3999938964844,360.6000061035156,362.25,28586
2023-01-31 09:15:00+05:30,364.0,387.5,362.04998779296875,384.25,289693
2023-01-31 10:15:00+05:30,384.25,384.54998779296875,378.3500061035156,382.04998779296875,205483
2023-01-31 11:15:00+05:30,382.0,382.6000061035156,379.1499938964844,379.70001220703125,45729
2023-01-31 12:15:00+05:30,379.8500061035156,380.54998779296875,378.70001220703125,380.29998779296875,40817
2023-01-31 13:15:00+05:30,380.29998779296875,384.3500061035156,379.54998779296875,382.45001220703125,97786
2023-01-31 14:15:00+05:30,382.45001220703125,383.20001220703125,379.20001220703125,379.8999938964844,90231
2023-01-31 15:15:00+05:30,379.79998779296875,381.1499938964844,379.5,380.04998779296875,57020
2023-02-01 09:15:00+05:30,384.70001220703125,390.6000061035156,381.54998779296875,382.1499938964844,0
2023-02-01 10:15:00+05:30,382.04998779296875,382.6000061035156,379.3999938964844,380.6000061035156,33091
2023-02-01 11:15:00+05:30,380.6000061035156,382.5,379.0,379.6000061035156,21196
2023-02-01 12:15:00+05:30,379.6499938964844,381.54998779296875,378.25,380.0,23012
2023-02-01 13:15:00+05:30,379.8999938964844,380.3999938964844,376.0,377.6000061035156,20284
2023-02-01 14:15:00+05:30,377.0,380.70001220703125,370.6499938964844,377.29998779296875,36646
2023-02-01 15:15:00+05:30,378.3500061035156,379.5,375.45001220703125,378.3999938964844,11794
2023-02-02 09:15:00+05:30,375.0,387.1499938964844,374.0,384.0,0
2023-02-02 10:15:00+05:30,384.0,386.8500061035156,382.5,382.8500061035156,27150
2023-02-02 11:15:00+05:30,383.0,384.0,382.1000061035156,383.1000061035156,25907
2023-02-02 12:15:00+05:30,383.1000061035156,388.75,379.79998779296875,384.75,51850
2023-02-02 13:15:00+05:30,384.6499938964844,384.8999938964844,379.6499938964844,379.6499938964844,22076
2023-02-02 14:15:00+05:30,380.29998779296875,382.6499938964844,378.29998779296875,380.45001220703125,28310
2023-02-02 15:15:00+05:30,380.0,380.95001220703125,377.0,379.8500061035156,17917
2023-02-03 09:15:00+05:30,381.20001220703125,384.0,378.3999938964844,381.0,0
2023-02-03 10:15:00+05:30,380.8500061035156,381.3500061035156,377.5,380.6499938964844,29523
2023-02-03 11:15:00+05:30,380.6499938964844,380.95001220703125,378.8999938964844,380.0,182980
2023-02-03 12:15:00+05:30,380.0,380.45001220703125,379.95001220703125,380.0,168221
2023-02-03 13:15:00+05:30,380.0,380.6000061035156,379.70001220703125,379.70001220703125,114708
2023-02-03 14:15:00+05:30,379.3500061035156,380.3999938964844,378.8999938964844,379.70001220703125,33146
2023-02-03 15:15:00+05:30,379.6000061035156,390.70001220703125,378.25,390.70001220703125,111588
2023-02-06 09:15:00+05:30,392.0,416.8500061035156,390.70001220703125,409.25,163345
2023-02-06 10:15:00+05:30,408.70001220703125,409.8500061035156,401.75,406.0,312391
2023-02-06 11:15:00+05:30,406.20001220703125,409.20001220703125,406.20001220703125,408.3999938964844,83072
2023-02-06 12:15:00+05:30,408.3999938964844,408.8999938964844,403.04998779296875,403.6499938964844,110537
2023-02-06 13:15:00+05:30,403.3500061035156,409.3500061035156,402.3999938964844,408.8500061035156,138483
2023-02-06 14:15:00+05:30,408.6000061035156,415.6000061035156,406.29998779296875,414.95001220703125,273046
2023-02-06 15:15:00+05:30,414.5,415.95001220703125,410.04998779296875,412.3500061035156,174504
2023-02-07 09:15:00+05:30,416.8500061035156,422.70001220703125,411.20001220703125,414.5,0
2023-02-07 10:15:00+05:30,414.1499938964844,416.0,402.70001220703125,402.70001220703125,94683
2023-02-07 11:15:00+05:30,402.70001220703125,407.0,398.45001220703125,401.3999938964844,192510
2023-02-07 12:15:00+05:30,401.6499938964844,403.45001220703125,398.25,399.79998779296875,48724
2023-02-07 13:15:00+05:30,399.79998779296875,401.70001220703125,399.1499938964844,400.79998779296875,23685
2023-02-07 14:15:00+05:30,400.79998779296875,404.0,400.1000061035156,400.6000061035156,41054
2023-02-07 15:15:00+05:30,400.6000061035156,402.25,400.1000061035156,401.0,53553
2023-02-08 09:15:00+05:30,401.0,414.5,399.8999938964844,413.29998779296875,0
2023-02-08 10:15:00+05:30,413.8500061035156,426.45001220703125,413.25,423.29998779296875,284955
2023-02-08 11:15:00+05:30,423.29998779296875,426.0,420.6000061035156,422.54998779296875,212087
2023-02-08 12:15:00+05:30,422.5,425.5,420.79998779296875,424.20001220703125,83132
2023-02-08 13:15:00+05:30,423.95001220703125,428.5,422.6000061035156,423.54998779296875,164920
2023-02-08 14:15:00+05:30,424.1000061035156,425.0,417.5,423.8500061035156,155055
2023-02-08 15:15:00+05:30,424.6000061035156,427.79998779296875,423.75,425.0,92859
2023-02-09 09:15:00+05:30,423.3999938964844,434.0,421.79998779296875,432.3500061035156,0
2023-02-09 10:15:00+05:30,432.04998779296875,432.95001220703125,424.1499938964844,427.6000061035156,61133
2023-02-09 11:15:00+05:30,427.6000061035156,429.6499938964844,426.6499938964844,426.8500061035156,21803
2023-02-09 12:15:00+05:30,426.8500061035156,428.1499938964844,425.54998779296875,428.0,17798
2023-02-09 13:15:00+05:30,428.1499938964844,434.5,427.3500061035156,431.6000061035156,49661
2023-02-09 14:15:00+05:30,431.95001220703125,441.6000061035156,431.04998779296875,440.04998779296875,165093
2023-02-09 15:15:00+05:30,440.0,443.3999938964844,436.70001220703125,443.3500061035156,81835
2023-02-10 09:15:00+05:30,441.20001220703125,446.3999938964844,433.5,438.79998779296875,0
2023-02-10 10:15:00+05:30,439.1000061035156,444.79998779296875,438.04998779296875,443.5,79872
2023-02-10 11:15:00+05:30,443.25,448.0,442.29998779296875,444.04998779296875,63685
2023-02-10 12:15:00+05:30,444.04998779296875,448.45001220703125,444.0,444.8500061035156,38858
2023-02-10 13:15:00+05:30,444.8500061035156,445.0,441.0,442.3500061035156,25830
2023-02-10 14:15:00+05:30,442.3500061035156,442.6499938964844,435.8500061035156,437.25,45256
2023-02-10 15:15:00+05:30,437.5,447.1499938964844,437.5,442.70001220703125,58041
2023-02-13 09:15:00+05:30,443.0,445.6000061035156,433.0,439.04998779296875,0
2023-02-13 10:15:00+05:30,439.20001220703125,443.8999938964844,438.5,441.6499938964844,19851
2023-02-13 11:15:00+05:30,441.95001220703125,442.3500061035156,440.0,441.5,11952
2023-02-13 12:15:00+05:30,441.6000061035156,443.6000061035156,440.79998779296875,441.45001220703125,20081
2023-02-13 13:15:00+05:30,441.8500061035156,442.95001220703125,439.0,441.79998779296875,19407
2023-02-13 14:15:00+05:30,442.0,445.0,440.45001220703125,440.75,34239
2023-02-13 15:15:00+05:30,440.5,442.79998779296875,438.0,441.0,25551
2023-02-14 09:15:00+05:30,437.1000061035156,450.20001220703125,437.1000061035156,450.0,0
2023-02-14 10:15:00+05:30,450.1499938964844,458.79998779296875,450.1499938964844,453.3999938964844,127624
2023-02-14 11:15:00+05:30,453.3999938964844,459.5,453.04998779296875,457.0,87250
2023-02-14 12:15:00+05:30,457.0,458.0,455.79998779296875,457.5,38115
2023-02-14 13:15:00+05:30,457.5,459.54998779296875,456.0,457.5,48875
2023-02-14 14:15:00+05:30,457.0,461.1499938964844,453.1000061035156,454.6499938964844,107891
2023-02-14 15:15:00+05:30,454.6499938964844,455.8500061035156,452.0,455.29998779296875,42121
2023-02-15 09:15:00+05:30,452.95001220703125,456.20001220703125,446.54998779296875,447.54998779296875,0
2023-02-15 10:15:00+05:30,447.6000061035156,448.75,442.6499938964844,444.79998779296875,39059
2023-02-15 11:15:00+05:30,444.8999938964844,446.0,436.04998779296875,436.3999938964844,45989
2023-02-15 12:15:00+05:30,436.45001220703125,441.29998779296875,435.6000061035156,441.0,44425
2023-02-15 13:15:00+05:30,441.29998779296875,442.3999938964844,439.0,439.75,17427
2023-02-15 14:15:00+05:30,440.1499938964844,443.8500061035156,438.0,442.8999938964844,35580
2023-02-15 15:15:00+05:30,442.8999938964844,442.95001220703125,439.0,441.79998779296875,19592
2023-02-16 09:15:00+05:30,440.04998779296875,449.45001220703125,440.04998779296875,447.3999938964844,0
2023-02-16 10:15:00+05:30,447.3999938964844,447.79998779296875,444.79998779296875,446.6000061035156,16292
2023-02-16 11:15:00+05:30,446.6000061035156,446.6000061035156,443.04998779296875,444.8999938964844,10381
2023-02-16 12:15:00+05:30,445.1000061035156,447.29998779296875,443.79998779296875,446.54998779296875,21688
2023-02-16 13:15:00+05:30,447.0,454.79998779296875,446.20001220703125,453.54998779296875,42578
2023-02-16 14:15:00+05:30,453.54998779296875,454.29998779296875,450.0,450.0,37004
2023-02-16 15:15:00+05:30,450.0,450.0,445.1000061035156,448.3999938964844,23221
2023-02-17 09:15:00+05:30,448.8999938964844,460.0,448.8999938964844,451.04998779296875,0
2023-02-17 10:15:00+05:30,451.6000061035156,453.70001220703125,450.04998779296875,452.54998779296875,44708
2023-02-17 11:15:00+05:30,452.45001220703125,453.45001220703125,450.25,451.79998779296875,27116
2023-02-17 12:15:00+05:30,451.45001220703125,452.1000061035156,448.5,450.0,18150
2023-02-17 13:15:00+05:30,449.54998779296875,451.3500061035156,449.3999938964844,450.3500061035156,11197
2023-02-17 14:15:00+05:30,450.3500061035156,450.75,448.04998779296875,449.29998779296875,23603
2023-02-17 15:15:00+05:30,449.29998779296875,449.29998779296875,442.04998779296875,444.5,31581
2023-02-20 09:15:00+05:30,444.75,453.79998779296875,438.6000061035156,453.79998779296875,0
2023-02-20 10:15:00+05:30,452.79998779296875,468.0,451.6499938964844,464.8500061035156,179944
2023-02-20 11:15:00+05:30,464.54998779296875,466.5,460.79998779296875,461.04998779296875,70411
2023-02-20 12:15:00+05:30,460.20001220703125,463.0,458.04998779296875,461.0,171230
2023-02-20 13:15:00+05:30,461.0,461.6000061035156,458.79998779296875,459.79998779296875,17497
2023-02-20 14:15:00+05:30,459.45001220703125,460.29998779296875,453.29998779296875,454.29998779296875,45923
2023-02-20 15:15:00+05:30,454.6499938964844,455.29998779296875,451.0,453.54998779296875,29222
2023-02-21 09:15:00+05:30,455.75,456.95001220703125,447.29998779296875,453.70001220703125,0
2023-02-21 10:15:00+05:30,454.0,464.0,453.75,459.1000061035156,64051
2023-02-21 11:15:00+05:30,459.6000061035156,459.6000061035156,455.6499938964844,458.0,12970
2023-02-21 12:15:00+05:30,458.0,464.8999938964844,455.29998779296875,461.8500061035156,115786
2023-02-21 13:15:00+05:30,461.8999938964844,465.95001220703125,461.0,463.1499938964844,36978
2023-02-21 14:15:00+05:30,462.95001220703125,463.6000061035156,458.0,458.54998779296875,35027
2023-02-21 15:15:00+05:30,458.3500061035156,462.79998779296875,455.0,459.45001220703125,25391
2023-02-22 09:15:00+05:30,456.5,466.3500061035156,453.0,454.95001220703125,0
2023-02-22 10:15:00+05:30,454.54998779296875,457.95001220703125,452.8500061035156,457.3999938964844,17516
2023-02-22 11:15:00+05:30,457.1499938964844,457.6499938964844,453.29998779296875,455.75,18920
2023-02-22 12:15:00+05:30,456.0,460.8999938964844,455.20001220703125,459.0,26016
2023-02-22 13:15:00+05:30,459.0,462.8999938964844,457.6499938964844,458.70001220703125,38666
2023-02-22 14:15:00+05:30,457.8999938964844,463.54998779296875,457.29998779296875,463.29998779296875,33203
2023-02-22 15:15:00+05:30,463.3999938964844,463.8999938964844,459.1499938964844,461.95001220703125,28311
2023-02-23 09:15:00+05:30,463.70001220703125,464.8999938964844,456.20001220703125,459.8999938964844,0
2023-02-23 10:15:00+05:30,460.0,461.1499938964844,458.04998779296875,458.6499938964844,9867
2023-02-23 11:15:00+05:30,459.45001220703125,460.70001220703125,457.54998779296875,457.95001220703125,12249
2023-02-23 12:15:00+05:30,457.6000061035156,458.0,454.1000061035156,455.79998779296875,18434
2023-02-23 13:15:00+05:30,456.1499938964844,456.1499938964844,451.20001220703125,452.6499938964844,19214
2023-02-23 14:15:00+05:30,452.70001220703125,452.70001220703125,446.5,448.8500061035156,50096
2023-02-23 15:15:00+05:30,448.8999938964844,450.1000061035156,445.0,447.8999938964844,25794
2023-02-24 09:15:00+05:30,449.8500061035156,457.1000061035156,447.70001220703125,449.8999938964844,0
2023-02-24 10:15:00+05:30,449.70001220703125,450.20001220703125,441.04998779296875,441.04998779296875,22221
2023-02-24 11:15:00+05:30,441.3500061035156,443.20001220703125,439.95001220703125,442.45001220703125,19880
2023-02-24 12:15:00+05:30,442.45001220703125,442.79998779296875,441.20001220703125,442.75,8518
2023-02-24 13:15:00+05:30,442.75,443.8500061035156,442.0,442.04998779296875,6946
2023-02-24 14:15:00+05:30,441.8999938964844,446.70001220703125,439.3999938964844,444.79998779296875,29981
2023-02-24 15:15:00+05:30,445.0,445.70001220703125,441.95001220703125,443.95001220703125,17050
2023-02-27 09:15:00+05:30,443.95001220703125,445.5,436.04998779296875,436.04998779296875,0
2023-02-27 10:15:00+05:30,435.45001220703125,436.45001220703125,428.3500061035156,430.3999938964844,38076
2023-02-27 11:15:00+05:30,430.3999938964844,431.6499938964844,428.3999938964844,429.79998779296875,18665
2023-02-27 12:15:00+05:30,429.8999938964844,430.5,428.5,429.1000061035156,17650
2023-02-27 13:15:00+05:30,429.8999938964844,430.5,428.5,429.70001220703125,11663
2023-02-27 14:15:00+05:30,429.8999938964844,431.0,429.0,429.70001220703125,14571
2023-02-27 15:15:00+05:30,429.6499938964844,434.6000061035156,425.3500061035156,429.1499938964844,28257
2023-02-28 09:15:00+05:30,431.0,440.95001220703125,429.20001220703125,438.29998779296875,0
2023-02-28 10:15:00+05:30,438.25,439.8999938964844,436.5,437.1499938964844,30268
2023-02-28 11:15:00+05:30,437.20001220703125,438.95001220703125,436.3999938964844,437.45001220703125,33978
2023-02-28 12:15:00+05:30,438.0,449.79998779296875,437.70001220703125,449.25,114085
2023-02-28 13:15:00+05:30,449.20001220703125,458.79998779296875,447.20001220703125,458.25,182418
2023-02-28 14:15:00+05:30,458.25,474.20001220703125,456.1000061035156,467.8500061035156,897571
2023-02-28 15:15:00+05:30,468.6499938964844,472.04998779296875,458.04998779296875,464.0,244648
2023-03-01 09:15:00+05:30,462.5,478.5,458.25,470.79998779296875,0
2023-03-01 10:15:00+05:30,470.8999938964844,473.3999938964844,468.04998779296875,471.5,61412
2023-03-01 11:15:00+05:30,471.5,475.29998779296875,470.8999938964844,472.5,35380
2023-03-01 12:15:00+05:30,472.5,476.0,472.5,474.79998779296875,27905
2023-03-01 13:15:00+05:30,475.04998779296875,480.0,473.25,476.20001220703125,82834
2023-03-01 14:15:00+05:30,476.20001220703125,477.8500061035156,471.1000061035156,474.0,80862
2023-03-01 15:15:00+05:30,473.95001220703125,480.04998779296875,473.5,476.95001220703125,64300
2023-03-02 09:15:00+05:30,473.5,482.5,473.5,476.75,0
2023-03-02 10:15:00+05:30,476.5,479.04998779296875,475.3999938964844,476.04998779296875,17489
2023-03-02 11:15:00+05:30,476.1000061035156,477.1000061035156,476.0,476.70001220703125,11496
2023-03-02 12:15:00+05:30,476.70001220703125,481.0,476.70001220703125,479.6499938964844,18765
2023-03-02 13:15:00+05:30,479.45001220703125,479.54998779296875,475.3999938964844,475.8500061035156,14214
2023-03-02 14:15:00+05:30,476.45001220703125,477.8999938964844,475.3999938964844,475.95001220703125,18397
2023-03-02 15:15:00+05:30,475.95001220703125,481.95001220703125,475.3999938964844,476.95001220703125,30874
2023-03-03 09:15:00+05:30,478.1499938964844,485.29998779296875,475.6000061035156,475.6000061035156,0
2023-03-03 10:15:00+05:30,475.29998779296875,475.45001220703125,471.29998779296875,475.0,25878
2023-03-03 11:15:00+05:30,475.0,476.5,473.3999938964844,474.6499938964844,10073
2023-03-03 12:15:00+05:30,474.6499938964844,474.6499938964844,471.0,471.04998779296875,16479
2023-03-03 13:15:00+05:30,471.54998779296875,471.79998779296875,467.3500061035156,469.3999938964844,17736
2023-03-03 14:15:00+05:30,469.45001220703125,470.45001220703125,463.0,469.0,45559
2023-03-03 15:15:00+05:30,468.5,469.8999938964844,466.3500061035156,467.0,16384
2023-03-06 09:15:00+05:30,470.04998779296875,481.20001220703125,470.04998779296875,477.54998779296875,0
2023-03-06 10:15:00+05:30,477.54998779296875,478.3999938964844,473.3500061035156,475.5,18660
2023-03-06 11:15:00+05:30,475.5,475.8999938964844,473.1000061035156,473.6499938964844,15024
2023-03-06 12:15:00+05:30,473.95001220703125,476.5,472.0,475.6000061035156,23395
2023-03-06 13:15:00+05:30,475.79998779296875,476.25,472.75,473.5,10268
2023-03-06 14:15:00+05:30,473.45001220703125,476.70001220703125,473.20001220703125,475.1499938964844,20106
2023-03-06 15:15:00+05:30,474.70001220703125,476.75,472.25,475.3999938964844,11709
2023-03-08 09:15:00+05:30,475.5,478.6000061035156,473.1000061035156,475.20001220703125,0
2023-03-08 10:15:00+05:30,475.20001220703125,475.6499938964844,470.1000061035156,470.79998779296875,18141
2023-03-08 11:15:00+05:30,470.8999938964844,472.0,470.5,470.5,15957
2023-03-08 12:15:00+05:30,470.75,471.0,470.20001220703125,470.3999938964844,9069
2023-03-08 13:15:00+05:30,470.45001220703125,471.0,470.1000061035156,471.0,9457
2023-03-08 14:15:00+05:30,471.0,471.0,466.5,467.1499938964844,23215
2023-03-08 15:15:00+05:30,466.95001220703125,469.20001220703125,464.6499938964844,465.79998779296875,27916
2023-03-09 09:15:00+05:30,465.0,472.8999938964844,465.0,469.75,0
2023-03-09 10:15:00+05:30,469.95001220703125,471.0,467.79998779296875,468.5,12602
2023-03-09 11:15:00+05:30,468.54998779296875,468.95001220703125,467.79998779296875,467.79998779296875,8936
2023-03-09 12:15:00+05:30,467.6000061035156,468.79998779296875,467.6000061035156,467.8500061035156,5591
2023-03-09 13:15:00+05:30,467.79998779296875,469.0,467.3500061035156,468.95001220703125,5516
2023-03-09 14:15:00+05:30,469.0,469.45001220703125,467.29998779296875,469.0,21365
2023-03-09 15:15:00+05:30,468.8999938964844,470.45001220703125,467.1499938964844,470.3500061035156,13000
2023-03-10 09:15:00+05:30,465.1499938964844,467.5,460.3500061035156,463.25,0
2023-03-10 10:15:00+05:30,463.6000061035156,467.70001220703125,463.6000061035156,467.3999938964844,6571
2023-03-10 11:15:00+05:30,467.1000061035156,471.79998779296875,466.8500061035156,469.70001220703125,23435
2023-03-10 12:15:00+05:30,469.29998779296875,470.0,467.6499938964844,469.45001220703125,4160
2023-03-10 13:15:00+05:30,469.45001220703125,469.6499938964844,467.79998779296875,469.0,4624
2023-03-10 14:15:00+05:30,469.0,469.95001220703125,468.25,468.75,9800
2023-03-10 15:15:00+05:30,469.0,470.0,467.54998779296875,469.0,7124
2023-03-13 09:15:00+05:30,472.1499938964844,494.0,472.0,485.54998779296875,459125
2023-03-13 10:15:00+05:30,485.54998779296875,489.95001220703125,481.5,486.1499938964844,193948
2023-03-13 11:15:00+05:30,486.1499938964844,487.0,484.25,486.3500061035156,52834
2023-03-13 12:15:00+05:30,486.45001220703125,486.45001220703125,483.1000061035156,485.0,44661
2023-03-13 13:15:00+05:30,485.0,486.1000061035156,481.45001220703125,483.1499938964844,54238
2023-03-13 14:15:00+05:30,483.6499938964844,483.70001220703125,476.0,482.5,135955
2023-03-13 15:15:00+05:30,482.5,483.0,471.29998779296875,477.95001220703125,83514
2023-03-14 09:15:00+05:30,474.95001220703125,477.1000061035156,468.8999938964844,469.1000061035156,0
2023-03-14 10:15:00+05:30,469.1000061035156,469.3999938964844,463.70001220703125,465.79998779296875,39111
2023-03-14 11:15:00+05:30,465.6499938964844,472.54998779296875,465.25,469.3500061035156,13760
2023-03-14 12:15:00+05:30,469.29998779296875,472.0,468.54998779296875,470.04998779296875,12207
2023-03-14 13:15:00+05:30,469.79998779296875,470.95001220703125,468.75,470.95001220703125,7358
2023-03-14 14:15:00+05:30,470.95001220703125,472.8500061035156,470.3999938964844,471.75,11719
2023-03-14 15:15:00+05:30,472.3999938964844,479.0,470.79998779296875,474.8999938964844,24594
2023-03-15 09:15:00+05:30,479.3500061035156,492.04998779296875,479.3500061035156,481.8500061035156,0
2023-03-15 10:15:00+05:30,481.29998779296875,484.3999938964844,481.29998779296875,483.0,14885
2023-03-15 11:15:00+05:30,483.6499938964844,490.8999938964844,483.6499938964844,489.95001220703125,46397
2023-03-15 12:15:00+05:30,490.0,490.75,487.5,488.3999938964844,33548
2023-03-15 13:15:00+05:30,488.8500061035156,491.54998779296875,488.29998779296875,490.0,32272
2023-03-15 14:15:00+05:30,490.1499938964844,491.45001220703125,482.25,482.25,60966
2023-03-15 15:15:00+05:30,481.8500061035156,488.3999938964844,480.8999938964844,481.0,29856
2023-03-16 09:15:00+05:30,482.1499938964844,482.5,470.70001220703125,471.1000061035156,0
2023-03-16 10:15:00+05:30,471.70001220703125,479.04998779296875,471.1000061035156,477.8999938964844,16909
2023-03-16 11:15:00+05:30,477.3999938964844,480.95001220703125,476.04998779296875,477.3999938964844,19933
2023-03-16 12:15:00+05:30,477.95001220703125,479.1499938964844,477.54998779296875,478.6499938964844,2606
2023-03-16 13:15:00+05:30,478.8999938964844,479.5,477.29998779296875,478.20001220703125,3272
2023-03-16 14:15:00+05:30,478.5,481.3999938964844,476.5,478.79998779296875,13212
2023-03-16 15:15:00+05:30,478.79998779296875,482.0,477.95001220703125,478.8999938964844,7585
2023-03-17 09:15:00+05:30,481.45001220703125,483.70001220703125,476.1000061035156,476.29998779296875,0
2023-03-17 10:15:00+05:30,476.5,476.8500061035156,473.04998779296875,473.95001220703125,9319
2023-03-17 11:15:00+05:30,473.45001220703125,476.25,472.0,474.8500061035156,7174
2023-03-17 12:15:00+05:30,475.6000061035156,475.95001220703125,472.04998779296875,473.5,6936
2023-03-17 13:15:00+05:30,473.1000061035156,475.70001220703125,472.25,474.3500061035156,6298
2023-03-17 14:15:00+05:30,474.0,494.3999938964844,471.04998779296875,491.1499938964844,88342
2023-03-17 15:15:00+05:30,492.3999938964844,492.5,485.0,489.29998779296875,47457
2023-03-20 09:15:00+05:30,488.3500061035156,489.1000061035156,481.75,481.75,0
2023-03-20 10:15:00+05:30,481.75,485.95001220703125,481.25,484.5,11826
2023-03-20 11:15:00+05:30,484.45001220703125,484.70001220703125,481.6499938964844,482.29998779296875,5040
2023-03-20 12:15:00+05:30,482.8999938964844,482.95001220703125,478.54998779296875,479.54998779296875,9249
2023-03-20 13:15:00+05:30,480.1000061035156,483.0,476.95001220703125,481.29998779296875,9405
2023-03-20 14:15:00+05:30,481.6000061035156,482.8500061035156,479.8999938964844,481.3999938964844,14552
2023-03-20 15:15:00+05:30,481.3999938964844,481.79998779296875,477.0,481.79998779296875,9930
2023-03-21 09:15:00+05:30,482.1499938964844,482.1499938964844,471.54998779296875,474.1499938964844,140823
2023-03-21 10:15:00+05:30,474.1499938964844,474.70001220703125,473.1000061035156,473.75,4907
2023-03-21 11:15:00+05:30,474.25,474.95001220703125,473.0,474.25,5522
2023-03-21 12:15:00+05:30,474.5,474.5,473.1000061035156,473.6499938964844,3636
2023-03-21 13:15:00+05:30,474.20001220703125,474.29998779296875,473.45001220703125,473.54998779296875,2790
2023-03-21 14:15:00+05:30,473.6000061035156,474.5,470.04998779296875,472.3999938964844,26449
2023-03-21 15:15:00+05:30,472.3999938964844,473.3500061035156,470.0,470.0,18333
2023-03-22 09:15:00+05:30,470.54998779296875,473.3999938964844,468.8500061035156,472.70001220703125,16305
2023-03-22 10:15:00+05:30,473.0,473.45001220703125,470.1000061035156,470.79998779296875,6641
2023-03-22 11:15:00+05:30,471.0,471.54998779296875,470.5,471.04998779296875,1503
2023-03-22 12:15:00+05:30,471.04998779296875,472.3999938964844,470.54998779296875,472.1000061035156,2754
2023-03-22 13:15:00+05:30,471.3999938964844,474.5,471.3999938964844,474.5,7458
2023-03-22 14:15:00+05:30,473.8999938964844,475.95001220703125,471.54998779296875,475.1499938964844,12359
2023-03-22 15:15:00+05:30,475.25,475.29998779296875,472.0,473.8500061035156,0
2023-03-23 09:15:00+05:30,473.04998779296875,473.70001220703125,470.8500061035156,472.79998779296875,6858
2023-03-23 10:15:00+05:30,473.1499938964844,477.5,472.6499938964844,475.6499938964844,13753
2023-03-23 11:15:00+05:30,475.6499938964844,488.54998779296875,475.5,486.0,53308
2023-03-23 12:15:00+05:30,486.0,486.70001220703125,480.04998779296875,480.20001220703125,18361
2023-03-23 13:15:00+05:30,480.20001220703125,483.0,480.0,481.6000061035156,8399
2023-03-23 14:15:00+05:30,481.0,482.8500061035156,478.0,481.0,16460
2023-03-23 15:15:00+05:30,480.95001220703125,481.8500061035156,476.54998779296875,477.5,14675
2023-03-24 09:15:00+05:30,481.5,481.5,467.1000061035156,470.0,0
2023-03-24 10:15:00+05:30,470.0,470.6499938964844,469.0,470.6499938964844,4756
2023-03-24 11:15:00+05:30,470.45001220703125,471.70001220703125,470.0,471.3999938964844,5815
2023-03-24 12:15:00+05:30,471.04998779296875,471.75,469.54998779296875,470.29998779296875,7487
2023-03-24 13:15:00+05:30,470.3999938964844,470.8999938964844,470.0,470.3500061035156,10024
2023-03-24 14:15:00+05:30,470.20001220703125,470.6000061035156,465.6000061035156,468.0,24547
2023-03-24 15:15:00+05:30,468.20001220703125,469.95001220703125,465.45001220703125,467.5,0
2023-03-27 09:15:00+05:30,467.5,469.8500061035156,461.5,462.8500061035156,0
2023-03-27 10:15:00+05:30,462.54998779296875,465.3999938964844,461.0,461.6499938964844,12850
2023-03-27 11:15:00+05:30,461.75,463.54998779296875,461.1499938964844,463.3999938964844,6634
2023-03-27 12:15:00+05:30,463.6000061035156,464.20001220703125,461.1499938964844,461.54998779296875,5832
2023-03-27 13:15:00+05:30,461.54998779296875,462.04998779296875,458.54998779296875,458.54998779296875,13913
2023-03-27 14:15:00+05:30,458.79998779296875,458.8500061035156,451.54998779296875,452.75,24724
2023-03-27 15:15:00+05:30,452.95001220703125,452.95001220703125,440.1000061035156,446.29998779296875,37843
2023-03-28 09:15:00+05:30,445.79998779296875,452.1000061035156,441.0,442.1499938964844,0
2023-03-28 10:15:00+05:30,442.95001220703125,443.3500061035156,435.8500061035156,436.79998779296875,18130
2023-03-28 11:15:00+05:30,437.04998779296875,439.0,430.54998779296875,431.1499938964844,70256
2023-03-28 12:15:00+05:30,431.3500061035156,432.95001220703125,427.6499938964844,431.1000061035156,31368
2023-03-28 13:15:00+05:30,431.1499938964844,433.8999938964844,428.54998779296875,428.79998779296875,13847
2023-03-28 14:15:00+05:30,428.79998779296875,429.6499938964844,424.0,424.54998779296875,34950
2023-03-28 15:15:00+05:30,424.5,426.8999938964844,422.1000061035156,425.0,0
2023-03-29 09:15:00+05:30,425.0,435.95001220703125,423.04998779296875,429.1499938964844,64362
2023-03-29 10:15:00+05:30,429.3500061035156,432.8500061035156,425.79998779296875,427.6499938964844,15093
2023-03-29 11:15:00+05:30,427.54998779296875,430.54998779296875,426.54998779296875,430.54998779296875,14287
2023-03-29 12:15:00+05:30,430.5,431.1499938964844,426.95001220703125,428.79998779296875,12697
2023-03-29 13:15:00+05:30,428.79998779296875,432.75,428.1499938964844,430.79998779296875,9638
2023-03-29 14:15:00+05:30,431.45001220703125,436.45001220703125,430.20001220703125,434.70001220703125,31901
2023-03-29 15:15:00+05:30,434.75,438.3500061035156,421.1000061035156,428.29998779296875,92945
2023-03-31 09:15:00+05:30,430.3999938964844,439.0,429.79998779296875,434.3999938964844,0
2023-03-31 10:15:00+05:30,434.04998779296875,438.0,434.0,436.54998779296875,14778
2023-03-31 11:15:00+05:30,436.5,446.6499938964844,436.5,441.6000061035156,51488
2023-03-31 12:15:00+05:30,441.3500061035156,442.8999938964844,440.5,440.79998779296875,7804
2023-03-31 13:15:00+05:30,441.0,442.0,440.29998779296875,442.0,11232
2023-03-31 14:15:00+05:30,442.0,442.45001220703125,435.20001220703125,437.54998779296875,26242
2023-03-31 15:15:00+05:30,437.54998779296875,444.0,436.0,444.0,15981
2023-04-03 09:15:00+05:30,440.3500061035156,452.25,439.8999938964844,442.45001220703125,0
2023-04-03 10:15:00+05:30,442.70001220703125,445.0,439.25,441.04998779296875,25725
2023-04-03 11:15:00+05:30,440.8999938964844,441.04998779296875,436.0,439.04998779296875,27459
2023-04-03 12:15:00+05:30,439.0,440.0,433.54998779296875,434.45001220703125,19600
2023-04-03 13:15:00+05:30,434.8500061035156,435.45001220703125,432.5,433.54998779296875,11866
2023-04-03 14:15:00+05:30,433.54998779296875,435.25,433.0,434.0,14286
2023-04-03 15:15:00+05:30,434.0,435.0,430.75,433.6499938964844,25513
2023-04-05 09:15:00+05:30,433.6000061035156,468.04998779296875,433.6000061035156,467.04998779296875,523818
2023-04-05 10:15:00+05:30,467.1000061035156,468.95001220703125,461.5,464.5,267134
2023-04-05 11:15:00+05:30,464.5,471.0,463.6000061035156,466.54998779296875,308136
2023-04-05 12:15:00+05:30,466.54998779296875,466.6499938964844,455.20001220703125,456.95001220703125,301248
2023-04-05 13:15:00+05:30,456.95001220703125,458.29998779296875,453.29998779296875,454.0,124774
2023-04-05 14:15:00+05:30,453.70001220703125,469.5,452.1499938964844,466.45001220703125,365338
2023-04-05 15:15:00+05:30,467.0,468.0,463.0,466.3999938964844,101965
2023-04-06 09:15:00+05:30,464.3999938964844,468.70001220703125,459.0,468.70001220703125,0
2023-04-06 10:15:00+05:30,468.45001220703125,472.0,463.6499938964844,464.0,74219
2023-04-06 11:15:00+05:30,463.6499938964844,466.04998779296875,462.04998779296875,466.0,15823
2023-04-06 12:15:00+05:30,466.1000061035156,469.54998779296875,465.1000061035156,466.5,15632
2023-04-06 13:15:00+05:30,466.54998779296875,467.20001220703125,463.54998779296875,463.6000061035156,16161
2023-04-06 14:15:00+05:30,463.54998779296875,464.95001220703125,459.6499938964844,461.8999938964844,30954
2023-04-06 15:15:00+05:30,461.8999938964844,468.0,461.70001220703125,463.95001220703125,0
2023-04-10 09:15:00+05:30,464.1000061035156,477.8999938964844,464.1000061035156,474.5,0
2023-04-10 10:15:00+05:30,474.79998779296875,477.0,468.04998779296875,468.54998779296875,40810
2023-04-10 11:15:00+05:30,468.8999938964844,472.75,468.25,468.6000061035156,17661
2023-04-10 12:15:00+05:30,469.25,469.25,463.5,464.75,21331
2023-04-10 13:15:00+05:30,465.29998779296875,468.95001220703125,464.0,466.6499938964844,14645
2023-04-10 14:15:00+05:30,467.25,469.8999938964844,465.1000061035156,466.70001220703125,23273
2023-04-10 15:15:00+05:30,466.79998779296875,467.8500061035156,461.0,466.3999938964844,14657
2023-04-11 09:15:00+05:30,466.3500061035156,475.5,465.79998779296875,473.54998779296875,0
2023-04-11 10:15:00+05:30,474.0,474.0,468.1000061035156,468.70001220703125,14768
2023-04-11 11:15:00+05:30,468.70001220703125,469.70001220703125,467.1499938964844,467.45001220703125,8355
2023-04-11 12:15:00+05:30,467.6000061035156,469.3500061035156,465.8999938964844,469.29998779296875,15158
2023-04-11 13:15:00+05:30,468.95001220703125,470.0,468.45001220703125,468.70001220703125,4571
2023-04-11 14:15:00+05:30,468.5,469.6499938964844,465.3999938964844,467.0,22533
2023-04-11 15:15:00+05:30,466.8999938964844,469.3500061035156,465.1000061035156,467.45001220703125,11945
2023-04-12 09:15:00+05:30,467.25,471.04998779296875,466.8999938964844,467.29998779296875,0
2023-04-12 10:15:00+05:30,467.20001220703125,467.8500061035156,465.5,466.75,7587
2023-04-12 11:15:00+05:30,467.1499938964844,471.45001220703125,466.29998779296875,470.20001220703125,12403
2023-04-12 12:15:00+05:30,469.8999938964844,470.8999938964844,468.5,468.79998779296875,7345
2023-04-12 13:15:00+05:30,468.95001220703125,468.95001220703125,465.25,466.75,6948
2023-04-12 14:15:00+05:30,466.6499938964844,467.54998779296875,466.1000061035156,467.20001220703125,11331
2023-04-12 15:15:00+05:30,467.20001220703125,468.25,464.04998779296875,466.8999938964844,5727
2023-04-13 09:15:00+05:30,468.8999938964844,479.5,467.04998779296875,473.95001220703125,0
2023-04-13 10:15:00+05:30,473.6000061035156,474.70001220703125,466.1499938964844,466.25,27538
2023-04-13 11:15:00+05:30,466.95001220703125,468.45001220703125,464.1000061035156,467.45001220703125,28240
2023-04-13 12:15:00+05:30,467.6499938964844,469.95001220703125,466.0,468.6499938964844,10877
2023-04-13 13:15:00+05:30,468.6000061035156,469.20001220703125,466.54998779296875,467.1499938964844,7682
2023-04-13 14:15:00+05:30,467.1499938964844,468.6499938964844,466.04998779296875,467.1000061035156,10698
2023-04-13 15:15:00+05:30,467.1499938964844,467.5,463.0,465.1000061035156,15753
2023-04-17 09:15:00+05:30,465.3999938964844,472.8500061035156,462.29998779296875,472.3999938964844,0
2023-04-17 10:15:00+05:30,472.04998779296875,475.0,470.04998779296875,471.8999938964844,31185
2023-04-17 11:15:00+05:30,471.8999938964844,472.04998779296875,469.04998779296875,470.25,8821
2023-04-17 12:15:00+05:30,470.25,472.8999938964844,470.0,470.8999938964844,15404
2023-04-17 13:15:00+05:30,470.8999938964844,471.8999938964844,469.1000061035156,469.54998779296875,6472
2023-04-17 14:15:00+05:30,469.1000061035156,472.3500061035156,469.1000061035156,471.3500061035156,24430
2023-04-17 15:15:00+05:30,470.79998779296875,475.0,470.79998779296875,472.8500061035156,0
2023-04-18 09:15:00+05:30,472.79998779296875,483.0,472.1000061035156,479.79998779296875,73606
2023-04-18 10:15:00+05:30,479.3500061035156,479.3999938964844,474.5,475.6499938964844,21462
2023-04-18 11:15:00+05:30,475.3500061035156,481.0,474.70001220703125,481.0,17900
2023-04-18 12:15:00+05:30,482.6000061035156,483.0,476.3999938964844,477.20001220703125,15273
2023-04-18 13:15:00+05:30,477.20001220703125,478.70001220703125,472.0,476.8999938964844,18420
2023-04-18 14:15:00+05:30,476.95001220703125,478.0,473.79998779296875,475.20001220703125,16318
2023-04-18 15:15:00+05:30,475.20001220703125,477.0,473.0,475.6000061035156,8736
2023-04-19 09:15:00+05:30,475.45001220703125,492.04998779296875,475.45001220703125,490.5,0
2023-04-19 10:15:00+05:30,490.5,499.70001220703125,490.5,495.8999938964844,270534
2023-04-19 11:15:00+05:30,495.20001220703125,498.3999938964844,493.0,498.0,75470
2023-04-19 12:15:00+05:30,498.1000061035156,498.54998779296875,495.1499938964844,496.3500061035156,60078
2023-04-19 13:15:00+05:30,496.45001220703125,497.0,492.0,493.3999938964844,69475
2023-04-19 14:15:00+05:30,493.6000061035156,508.8999938964844,492.25,507.95001220703125,297751
2023-04-19 15:15:00+05:30,508.25,512.0499877929688,504.75,509.79998779296875,184256
2023-04-20 09:15:00+05:30,511.45001220703125,514.5999755859375,502.0,504.3500061035156,195738
2023-04-20 10:15:00+05:30,504.5,509.3999938964844,503.20001220703125,504.20001220703125,56288
2023-04-20 11:15:00+05:30,504.0,507.54998779296875,501.6000061035156,505.20001220703125,40631
2023-04-20 12:15:00+05:30,505.25,505.3500061035156,502.54998779296875,503.75,11165
2023-04-20 13:15:00+05:30,504.1000061035156,507.79998779296875,504.1000061035156,506.1499938964844,18322
2023-04-20 14:15:00+05:30,506.20001220703125,510.0,505.29998779296875,507.0,56190
2023-04-20 15:15:00+05:30,508.04998779296875,508.8500061035156,505.1000061035156,507.6499938964844,37071
2023-04-21 09:15:00+05:30,502.6499938964844,503.95001220703125,491.0,492.75,0
2023-04-21 10:15:00+05:30,492.70001220703125,495.0,491.04998779296875,491.54998779296875,37841
2023-04-21 11:15:00+05:30,491.54998779296875,494.0,490.25,493.04998779296875,23411
2023-04-21 12:15:00+05:30,493.0,493.0,490.5,491.6000061035156,13320
2023-04-21 13:15:00+05:30,491.6000061035156,495.3999938964844,491.29998779296875,494.3500061035156,25458
2023-04-21 14:15:00+05:30,493.75,497.0,492.75,493.6000061035156,44010
2023-04-21 15:15:00+05:30,493.75,494.5,490.0,490.54998779296875,34333
2023-04-24 09:15:00+05:30,491.8500061035156,496.5,490.45001220703125,491.3500061035156,0
2023-04-24 10:15:00+05:30,491.3500061035156,492.5,488.0,489.95001220703125,17175
2023-04-24 11:15:00+05:30,489.8500061035156,490.6499938964844,488.25,490.6499938964844,14110
2023-04-24 12:15:00+05:30,490.6499938964844,492.5,489.29998779296875,490.0,16931
2023-04-24 13:15:00+05:30,490.0,490.1000061035156,482.95001220703125,484.6499938964844,44820
2023-04-24 14:15:00+05:30,485.0,486.79998779296875,480.54998779296875,482.1000061035156,42377
2023-04-24 15:15:00+05:30,482.70001220703125,483.8999938964844,480.75,482.0,23531
2023-04-25 09:15:00+05:30,483.95001220703125,493.45001220703125,483.95001220703125,490.20001220703125,0
2023-04-25 10:15:00+05:30,490.20001220703125,490.3500061035156,488.0,489.95001220703125,19673
2023-04-25 11:15:00+05:30,490.0,492.6499938964844,489.0,491.29998779296875,15663
2023-04-25 12:15:00+05:30,491.70001220703125,491.75,489.0,490.45001220703125,12160
2023-04-25 13:15:00+05:30,490.1000061035156,490.5,484.04998779296875,485.1000061035156,23187
2023-04-25 14:15:00+05:30,485.54998779296875,486.1000061035156,473.95001220703125,475.6499938964844,66385
2023-04-25 15:15:00+05:30,475.6499938964844,478.04998779296875,471.6000061035156,475.20001220703125,31473
2023-04-26 09:15:00+05:30,476.8500061035156,484.25,476.8500061035156,481.95001220703125,0
2023-04-26 10:15:00+05:30,481.54998779296875,482.1000061035156,468.5,469.29998779296875,59535
2023-04-26 11:15:00+05:30,469.8999938964844,471.8999938964844,469.5,470.04998779296875,28480
2023-04-26 12:15:00+05:30,470.04998779296875,471.95001220703125,469.5,469.54998779296875,19037
2023-04-26 13:15:00+05:30,469.5,470.95001220703125,469.0,470.45001220703125,10907
2023-04-26 14:15:00+05:30,470.3500061035156,470.8999938964844,469.0,469.79998779296875,20070
2023-04-26 15:15:00+05:30,469.8999938964844,472.8999938964844,468.0,470.54998779296875,24975
2023-04-27 09:15:00+05:30,472.79998779296875,478.3500061035156,469.0,470.0,0
2023-04-27 10:15:00+05:30,469.8999938964844,469.95001220703125,467.75,468.95001220703125,14147
2023-04-27 11:15:00+05:30,469.0,470.0,468.04998779296875,468.6000061035156,11610
2023-04-27 12:15:00+05:30,468.6000061035156,470.45001220703125,468.6000061035156,470.0,10440
2023-04-27 13:15:00+05:30,469.95001220703125,471.0,468.29998779296875,468.79998779296875,16046
2023-04-27 14:15:00+05:30,469.25,470.5,467.5,469.20001220703125,21052
2023-04-27 15:15:00+05:30,469.1499938964844,469.6499938964844,466.20001220703125,468.3999938964844,12821
2023-04-28 09:15:00+05:30,471.6499938964844,473.45001220703125,462.20001220703125,463.29998779296875,0
2023-04-28 10:15:00+05:30,463.3500061035156,463.75,459.0,461.8500061035156,71687
2023-04-28 11:15:00+05:30,461.75,461.75,460.0,460.8999938964844,20473
2023-04-28 12:15:00+05:30,460.8999938964844,461.29998779296875,460.0,460.04998779296875,15131
2023-04-28 13:15:00+05:30,460.04998779296875,464.3999938964844,460.0,464.1000061035156,26215
2023-04-28 14:15:00+05:30,463.8999938964844,466.0,462.3500061035156,465.79998779296875,41440
2023-04-28 15:15:00+05:30,465.79998779296875,465.79998779296875,462.6000061035156,464.70001220703125,31584
2023-05-02 09:15:00+05:30,467.04998779296875,474.79998779296875,461.1499938964844,461.54998779296875,0
2023-05-02 10:15:00+05:30,461.70001220703125,465.6000061035156,461.5,463.0,15480
2023-05-02 11:15:00+05:30,463.25,464.1000061035156,461.5,461.75,11690
2023-05-02 12:15:00+05:30,461.79998779296875,462.45001220703125,456.0,457.54998779296875,50455
2023-05-02 13:15:00+05:30,458.0,460.3500061035156,457.5,459.5,13876
2023-05-02 14:15:00+05:30,459.5,461.6499938964844,459.0,459.6000061035156,27757
2023-05-02 15:15:00+05:30,459.6499938964844,459.6499938964844,455.0,458.29998779296875,41470
2023-05-03 09:15:00+05:30,459.04998779296875,466.45001220703125,454.0,455.70001220703125,0
2023-05-03 10:15:00+05:30,455.6000061035156,460.0,455.3500061035156,456.75,26994
2023-05-03 11:15:00+05:30,457.0,457.95001220703125,455.3500061035156,455.95001220703125,10636
2023-05-03 12:15:00+05:30,455.6499938964844,456.45001220703125,455.0,455.70001220703125,11104
2023-05-03 13:15:00+05:30,455.25,456.20001220703125,454.1000061035156,454.8999938964844,19423
2023-05-03 14:15:00+05:30,454.6000061035156,455.1000061035156,450.3500061035156,451.70001220703125,41910
2023-05-03 15:15:00+05:30,451.20001220703125,454.79998779296875,450.6000061035156,451.95001220703125,0
2023-05-04 09:15:00+05:30,454.6499938964844,456.8999938964844,445.3500061035156,446.29998779296875,72897
2023-05-04 10:15:00+05:30,446.29998779296875,449.79998779296875,445.1499938964844,448.79998779296875,25100
2023-05-04 11:15:00+05:30,448.79998779296875,449.0,447.0,447.8500061035156,14770
2023-05-04 12:15:00+05:30,448.04998779296875,449.29998779296875,447.70001220703125,449.04998779296875,11034
2023-05-04 13:15:00+05:30,449.29998779296875,450.45001220703125,449.0,449.04998779296875,8240
2023-05-04 14:15:00+05:30,449.1000061035156,451.8999938964844,449.0,450.20001220703125,42045
2023-05-04 15:15:00+05:30,450.20001220703125,450.20001220703125,447.5,449.1000061035156,0
2023-05-05 09:15:00+05:30,449.95001220703125,462.1499938964844,446.45001220703125,460.8500061035156,130458
2023-05-05 10:15:00+05:30,460.79998779296875,463.8999938964844,450.3500061035156,454.20001220703125,89429
2023-05-05 11:15:00+05:30,453.70001220703125,456.1000061035156,448.3999938964844,451.1000061035156,52427
2023-05-05 12:15:00+05:30,451.1000061035156,453.54998779296875,449.95001220703125,452.95001220703125,32646
2023-05-05 13:15:00+05:30,452.95001220703125,454.1499938964844,450.25,452.3500061035156,17396
2023-05-05 14:15:00+05:30,452.29998779296875,452.29998779296875,446.0,448.3500061035156,50436
2023-05-05 15:15:00+05:30,448.45001220703125,448.5,445.0,446.75,50085
2023-05-08 09:15:00+05:30,451.0,454.5,446.1499938964844,452.20001220703125,0
2023-05-08 10:15:00+05:30,452.25,453.0,447.04998779296875,447.79998779296875,43354
2023-05-08 11:15:00+05:30,447.70001220703125,448.5,446.1499938964844,447.95001220703125,19711
2023-05-08 12:15:00+05:30,448.25,449.6499938964844,447.79998779296875,448.70001220703125,21036
2023-05-08 13:15:00+05:30,448.6499938964844,449.20001220703125,447.0,448.6000061035156,12796
2023-05-08 14:15:00+05:30,448.45001220703125,452.0,445.3999938964844,450.0,34986
2023-05-08 15:15:00+05:30,450.0,455.0,450.0,451.75,31153
2023-05-09 09:15:00+05:30,453.8500061035156,458.0,448.20001220703125,453.0,0
2023-05-09 10:15:00+05:30,453.5,453.70001220703125,450.0,450.1499938964844,17842
2023-05-09 11:15:00+05:30,450.04998779296875,451.0,449.04998779296875,450.29998779296875,13382
2023-05-09 12:15:00+05:30,450.6499938964844,450.8999938964844,448.20001220703125,448.6000061035156,14184
2023-05-09 13:15:00+05:30,448.54998779296875,449.3999938964844,446.1000061035156,446.95001220703125,24368
2023-05-09 14:15:00+05:30,447.3500061035156,449.0,446.3999938964844,446.3999938964844,30353
2023-05-09 15:15:00+05:30,446.45001220703125,446.45001220703125,442.6499938964844,444.45001220703125,38455
2023-05-10 09:15:00+05:30,444.8999938964844,447.0,440.5,444.8999938964844,0
2023-05-10 10:15:00+05:30,444.8999938964844,447.8999938964844,444.04998779296875,444.79998779296875,18733
2023-05-10 11:15:00+05:30,444.8500061035156,445.3999938964844,442.6000061035156,444.5,10001
2023-05-10 12:15:00+05:30,443.8500061035156,445.8999938964844,443.6499938964844,445.75,6185
2023-05-10 13:15:00+05:30,445.79998779296875,445.8999938964844,443.04998779296875,444.8999938964844,5800
2023-05-10 14:15:00+05:30,444.8999938964844,447.70001220703125,444.0,447.3999938964844,23200
2023-05-10 15:15:00+05:30,447.3999938964844,448.8999938964844,444.29998779296875,448.8999938964844,19393
2023-05-11 09:15:00+05:30,448.75,450.75,446.45001220703125,449.95001220703125,0
2023-05-11 10:15:00+05:30,449.04998779296875,450.0,447.04998779296875,448.6000061035156,11312
2023-05-11 11:15:00+05:30,449.1000061035156,449.1499938964844,447.3999938964844,448.3999938964844,5883
2023-05-11 12:15:00+05:30,448.8999938964844,449.0,446.79998779296875,447.5,8135
2023-05-11 13:15:00+05:30,447.5,449.0,447.29998779296875,447.79998779296875,3614
2023-05-11 14:15:00+05:30,447.54998779296875,447.79998779296875,444.1000061035156,444.5,18287
2023-05-11 15:15:00+05:30,444.5,446.1000061035156,444.0,445.0,9769
2023-05-12 09:15:00+05:30,445.0,454.20001220703125,439.04998779296875,440.25,9986
2023-05-12 10:15:00+05:30,440.25,442.3999938964844,440.0,441.54998779296875,19975
2023-05-12 11:15:00+05:30,441.54998779296875,441.75,440.5,441.20001220703125,9302
2023-05-12 12:15:00+05:30,441.70001220703125,442.0,440.3500061035156,441.0,7574
2023-05-12 13:15:00+05:30,441.1000061035156,441.95001220703125,436.20001220703125,437.0,46525
2023-05-12 14:15:00+05:30,437.0,437.6499938964844,428.8999938964844,430.0,104220
2023-05-12 15:15:00+05:30,430.0,431.0,429.0,431.0,52707
2023-05-15 09:15:00+05:30,431.0,456.8500061035156,431.0,453.29998779296875,34342
2023-05-15 10:15:00+05:30,453.5,456.0,452.04998779296875,453.0,120722
2023-05-15 11:15:00+05:30,452.95001220703125,462.79998779296875,451.1000061035156,462.5,183887
2023-05-15 12:15:00+05:30,462.3500061035156,466.6000061035156,459.20001220703125,463.8500061035156,396881
2023-05-15 13:15:00+05:30,464.0,468.45001220703125,462.79998779296875,465.3999938964844,310924
2023-05-15 14:15:00+05:30,465.1000061035156,469.04998779296875,460.54998779296875,466.04998779296875,213358
2023-05-15 15:15:00+05:30,466.45001220703125,471.3999938964844,461.95001220703125,467.29998779296875,186679
2023-05-16 09:15:00+05:30,467.75,475.0,465.29998779296875,470.1000061035156,0
2023-05-16 10:15:00+05:30,470.1000061035156,477.6499938964844,470.0,475.1499938964844,120404
2023-05-16 11:15:00+05:30,475.04998779296875,476.45001220703125,470.6000061035156,475.0,53440
2023-05-16 12:15:00+05:30,475.0,476.04998779296875,474.0,475.04998779296875,27671
2023-05-16 13:15:00+05:30,475.3999938964844,481.5,474.1499938964844,478.5,68092
2023-05-16 14:15:00+05:30,478.95001220703125,492.0,477.0,488.20001220703125,334861
2023-05-16 15:15:00+05:30,488.20001220703125,488.20001220703125,483.1499938964844,483.3999938964844,73393
2023-05-17 09:15:00+05:30,483.20001220703125,483.20001220703125,471.5,475.20001220703125,0
2023-05-17 10:15:00+05:30,475.75,476.3999938964844,474.0,474.3500061035156,35280
2023-05-17 11:15:00+05:30,474.3500061035156,475.8999938964844,467.0,468.8999938964844,51306
2023-05-17 12:15:00+05:30,469.0,471.95001220703125,467.04998779296875,468.20001220703125,29524
2023-05-17 13:15:00+05:30,468.20001220703125,470.5,467.79998779296875,469.25,21685
2023-05-17 14:15:00+05:30,469.20001220703125,470.1499938964844,467.70001220703125,468.75,36210
2023-05-17 15:15:00+05:30,468.75,469.8999938964844,467.0,469.0,29702
2023-05-18 09:15:00+05:30,472.3999938964844,473.29998779296875,464.79998779296875,467.0,0
2023-05-18 10:15:00+05:30,467.0,467.70001220703125,466.1499938964844,466.70001220703125,10003
2023-05-18 11:15:00+05:30,467.0,472.20001220703125,466.04998779296875,472.04998779296875,95279
2023-05-18 12:15:00+05:30,472.6499938964844,481.1499938964844,472.1000061035156,473.8999938964844,111212
2023-05-18 13:15:00+05:30,473.8500061035156,476.6499938964844,472.5,472.75,22965
2023-05-18 14:15:00+05:30,472.6000061035156,473.29998779296875,468.5,468.54998779296875,60038
2023-05-18 15:15:00+05:30,468.54998779296875,470.0,467.6000061035156,469.54998779296875,32308
2023-05-19 09:15:00+05:30,469.5,476.20001220703125,464.0,476.20001220703125,98594
2023-05-19 10:15:00+05:30,476.6000061035156,477.5,471.95001220703125,473.3999938964844,46880
2023-05-19 11:15:00+05:30,473.20001220703125,474.6499938964844,472.0,473.54998779296875,9588
2023-05-19 12:15:00+05:30,473.6000061035156,473.6499938964844,470.25,472.79998779296875,13131
2023-05-19 13:15:00+05:30,472.45001220703125,475.8999938964844,470.0,471.25,18916
2023-05-19 14:15:00+05:30,471.45001220703125,474.95001220703125,470.25,472.20001220703125,33974
2023-05-19 15:15:00+05:30,472.6499938964844,473.95001220703125,469.25,472.20001220703125,18295
2023-05-22 09:15:00+05:30,487.6499938964844,516.0,487.6499938964844,515.1500244140625,1003019
2023-05-22 10:15:00+05:30,515.4500122070312,531.0,513.9500122070312,527.2999877929688,1564990
2023-05-22 11:15:00+05:30,527.4500122070312,539.4500122070312,526.6500244140625,537.5,980560
2023-05-22 12:15:00+05:30,537.0499877929688,555.0,536.2999877929688,546.0,1528062
2023-05-22 13:15:00+05:30,546.2000122070312,555.0,542.3499755859375,552.0,918284
2023-05-22 14:15:00+05:30,552.2000122070312,563.0,547.25,556.4500122070312,1387842
2023-05-22 15:15:00+05:30,556.5999755859375,564.7000122070312,551.6500244140625,552.4000244140625,390467
2023-05-23 09:15:00+05:30,547.0,563.9000244140625,541.0499877929688,556.0,0
2023-05-23 10:15:00+05:30,556.5,557.9500122070312,544.0499877929688,549.8499755859375,177475
2023-05-23 11:15:00+05:30,549.9000244140625,555.0,549.2999877929688,552.5999755859375,128344
2023-05-23 12:15:00+05:30,552.5999755859375,555.0,545.5,547.9000244140625,110384
2023-05-23 13:15:00+05:30,547.7999877929688,547.8499755859375,532.5,535.5499877929688,244453
2023-05-23 14:15:00+05:30,535.5999755859375,542.2999877929688,534.9500122070312,538.9500122070312,168701
2023-05-23 15:15:00+05:30,539.0,542.25,538.1500244140625,539.25,87418
2023-05-24 09:15:00+05:30,536.7000122070312,576.9000244140625,531.0,570.9500122070312,0
2023-05-24 10:15:00+05:30,570.9500122070312,581.25,562.5999755859375,574.7999877929688,954485
2023-05-24 11:15:00+05:30,574.7999877929688,583.7999877929688,569.0999755859375,572.4000244140625,487437
2023-05-24 12:15:00+05:30,572.75,573.4500122070312,557.5,561.0,356243
2023-05-24 13:15:00+05:30,560.9500122070312,569.0,559.0,565.25,314230
2023-05-24 14:15:00+05:30,565.5999755859375,578.9500122070312,562.25,566.5,616103
2023-05-24 15:15:00+05:30,566.5,571.25,562.9000244140625,571.25,144035
2023-05-25 09:15:00+05:30,567.0,583.0,563.2999877929688,563.5,0
2023-05-25 10:15:00+05:30,564.1500244140625,572.7000122070312,562.0499877929688,564.1500244140625,121851
2023-05-25 11:15:00+05:30,563.5999755859375,565.0,562.5,564.2000122070312,41877
2023-05-25 12:15:00+05:30,564.4000244140625,564.9500122070312,556.0499877929688,557.7999877929688,94701
2023-05-25 13:15:00+05:30,557.7999877929688,561.0,557.25,561.0,42777
2023-05-25 14:15:00+05:30,561.0,561.0,552.5499877929688,553.9000244140625,108763
2023-05-25 15:15:00+05:30,553.7999877929688,564.9000244140625,553.0,559.7000122070312,107444
2023-05-26 09:15:00+05:30,558.9000244140625,563.2999877929688,540.2000122070312,540.5499877929688,218866
2023-05-26 10:15:00+05:30,540.5,543.8499755859375,540.2000122070312,542.4000244140625,42035
2023-05-26 11:15:00+05:30,542.7000122070312,543.0,540.25,542.0999755859375,25024
2023-05-26 12:15:00+05:30,542.0999755859375,544.5,540.5,542.9000244140625,33329
2023-05-26 13:15:00+05:30,542.3499755859375,544.5,542.0,542.9000244140625,21361
2023-05-26 14:15:00+05:30,542.9500122070312,546.5,540.9500122070312,544.0,79285
2023-05-26 15:15:00+05:30,543.9500122070312,544.7000122070312,542.6500244140625,543.5,48748
2023-05-29 09:15:00+05:30,547.0999755859375,561.5,542.1500244140625,550.2000122070312,0
2023-05-29 10:15:00+05:30,551.6500244140625,551.9500122070312,544.7000122070312,549.5,32861
2023-05-29 11:15:00+05:30,549.5,549.7999877929688,547.5,548.7000122070312,19950
2023-05-29 12:15:00+05:30,548.7000122070312,554.0,548.0499877929688,552.5499877929688,56390
2023-05-29 13:15:00+05:30,552.9500122070312,553.9500122070312,546.5,547.4500122070312,54579
2023-05-29 14:15:00+05:30,547.25,552.75,542.0499877929688,550.25,81005
2023-05-29 15:15:00+05:30,550.25,550.7999877929688,542.9000244140625,547.9000244140625,57201
2023-05-30 09:15:00+05:30,549.7999877929688,549.7999877929688,534.0499877929688,540.25,0
2023-05-30 10:15:00+05:30,540.2999877929688,543.0499877929688,535.0,535.7000122070312,69964
2023-05-30 11:15:00+05:30,535.7999877929688,538.5,535.0,537.9000244140625,17267
2023-05-30 12:15:00+05:30,537.9000244140625,538.5,536.4000244140625,537.5999755859375,18262
2023-05-30 13:15:00+05:30,537.6500244140625,538.5,534.9500122070312,536.7999877929688,21879
2023-05-30 14:15:00+05:30,537.0999755859375,537.5499877929688,533.0,533.0,53635
2023-05-30 15:15:00+05:30,532.9000244140625,535.5,531.0,533.7999877929688,44615
2023-05-31 09:15:00+05:30,534.5,534.5,515.6500244140625,518.0999755859375,0
2023-05-31 10:15:00+05:30,518.0999755859375,525.4500122070312,515.25,524.5,67426
2023-05-31 11:15:00+05:30,524.25,524.9500122070312,516.25,517.0,67614
2023-05-31 12:15:00+05:30,517.0,522.0,516.5999755859375,521.0,29602
2023-05-31 13:15:00+05:30,520.5999755859375,524.2999877929688,518.0,523.0,28891
2023-05-31 14:15:00+05:30,523.4000244140625,537.0,521.0,536.4000244140625,216273
2023-05-31 15:15:00+05:30,536.0999755859375,547.0,532.7999877929688,534.4500122070312,158758
2023-06-01 09:15:00+05:30,542.4500122070312,561.9500122070312,538.4000244140625,547.5,0
2023-06-01 10:15:00+05:30,547.9000244140625,549.5,544.5499877929688,547.4000244140625,33013
2023-06-01 11:15:00+05:30,547.4000244140625,547.5,542.2999877929688,543.5,37197
2023-06-01 12:15:00+05:30,544.0,546.7000122070312,543.0499877929688,545.6500244140625,28862
2023-06-01 13:15:00+05:30,545.6500244140625,546.9500122070312,544.2000122070312,546.0999755859375,21896
2023-06-01 14:15:00+05:30,545.9000244140625,546.0,537.9000244140625,542.2999877929688,82151
2023-06-01 15:15:00+05:30,541.8499755859375,542.7999877929688,538.0,540.6500244140625,53337
2023-06-02 09:15:00+05:30,543.5,549.0,540.5,544.3499755859375,0
2023-06-02 10:15:00+05:30,544.3499755859375,545.2999877929688,543.3499755859375,544.0,16395
2023-06-02 11:15:00+05:30,543.2999877929688,548.7999877929688,543.1500244140625,548.0,26942
2023-06-02 12:15:00+05:30,547.2999877929688,548.0,544.4500122070312,544.5,20235
2023-06-02 13:15:00+05:30,545.0499877929688,545.25,543.0,545.1500244140625,13168
2023-06-02 14:15:00+05:30,545.1500244140625,546.5999755859375,542.7000122070312,544.5999755859375,22378
2023-06-02 15:15:00+05:30,544.5,546.9500122070312,541.9000244140625,543.9500122070312,36552
2023-06-05 09:15:00+05:30,552.0,554.5,546.0499877929688,548.9500122070312,0
2023-06-05 10:15:00+05:30,549.2000122070312,549.8499755859375,541.0999755859375,544.0,37203
2023-06-05 11:15:00+05:30,544.4000244140625,545.0,542.0499877929688,543.25,12607
2023-06-05 12:15:00+05:30,543.25,543.7000122070312,530.4500122070312,534.5999755859375,70803
2023-06-05 13:15:00+05:30,534.5499877929688,537.5499877929688,533.5499877929688,534.1500244140625,14979
2023-06-05 14:15:00+05:30,534.1500244140625,535.1500244140625,530.25,530.9000244140625,39921
2023-06-05 15:15:00+05:30,530.7999877929688,532.7999877929688,528.0499877929688,532.7999877929688,42151
2023-06-06 09:15:00+05:30,532.75,537.25,525.0999755859375,526.4500122070312,0
2023-06-06 10:15:00+05:30,526.3499755859375,528.9500122070312,525.4500122070312,527.9000244140625,14668
2023-06-06 11:15:00+05:30,527.2000122070312,529.0,526.0,528.2999877929688,6546
2023-06-06 12:15:00+05:30,528.2999877929688,529.5499877929688,528.0,529.0,5862
2023-06-06 13:15:00+05:30,529.0,535.1500244140625,528.75,535.0999755859375,37214
2023-06-06 14:15:00+05:30,535.6500244140625,540.0,532.7999877929688,535.7999877929688,63989
2023-06-06 15:15:00+05:30,536.0,536.0,532.4500122070312,535.1500244140625,25322
2023-06-07 09:15:00+05:30,534.6500244140625,540.0499877929688,533.1500244140625,534.5,0
2023-06-07 10:15:00+05:30,534.25,537.1500244140625,533.3499755859375,534.9000244140625,15861
2023-06-07 11:15:00+05:30,535.0,543.7000122070312,534.75,541.0,64421
2023-06-07 12:15:00+05:30,541.2000122070312,543.4500122070312,539.5,540.6500244140625,20333
2023-06-07 13:15:00+05:30,540.6500244140625,542.0,539.6500244140625,541.5999755859375,13805
2023-06-07 14:15:00+05:30,541.5999755859375,545.2000122070312,541.0499877929688,544.9500122070312,50737
2023-06-07 15:15:00+05:30,544.9000244140625,545.75,543.0,544.5499877929688,0
2023-06-08 09:15:00+05:30,547.7000122070312,552.4500122070312,542.0499877929688,547.2000122070312,95246
2023-06-08 10:15:00+05:30,547.2999877929688,548.0,545.3499755859375,546.75,17329
2023-06-08 11:15:00+05:30,546.4500122070312,546.7000122070312,537.0499877929688,539.75,35707
2023-06-08 12:15:00+05:30,539.75,542.7000122070312,539.0499877929688,541.3499755859375,11727
2023-06-08 13:15:00+05:30,541.7999877929688,543.5,541.1500244140625,541.5999755859375,6744
2023-06-08 14:15:00+05:30,541.5499877929688,542.6500244140625,537.1500244140625,538.1500244140625,22979
2023-06-08 15:15:00+05:30,537.9000244140625,538.75,536.0,536.0,21571
2023-06-09 09:15:00+05:30,538.5,552.0999755859375,538.5,544.5,0
2023-06-09 10:15:00+05:30,544.5,544.9000244140625,541.0999755859375,541.3499755859375,31498
2023-06-09 11:15:00+05:30,541.2000122070312,543.0499877929688,538.5,538.5499877929688,22520
2023-06-09 12:15:00+05:30,538.9000244140625,540.0,534.0,534.0,24642
2023-06-09 13:15:00+05:30,534.2000122070312,537.5999755859375,534.0,536.1500244140625,12970
2023-06-09 14:15:00+05:30,536.0,538.0,531.5999755859375,537.0,29361
2023-06-09 15:15:00+05:30,536.9000244140625,538.1500244140625,532.0,534.0,28260
2023-06-12 09:15:00+05:30,536.9000244140625,537.0,523.6500244140625,526.2000122070312,0
2023-06-12 10:15:00+05:30,526.1500244140625,531.9000244140625,526.1500244140625,530.8499755859375,28382
2023-06-12 11:15:00+05:30,530.4500122070312,530.9000244140625,529.1500244140625,530.3499755859375,9681
2023-06-12 12:15:00+05:30,530.0,530.1500244140625,526.7000122070312,529.5999755859375,11476
2023-06-12 13:15:00+05:30,529.5,529.7000122070312,528.0,529.0,10010
2023-06-12 14:15:00+05:30,529.5,529.8499755859375,527.75,528.25,23247
2023-06-12 15:15:00+05:30,528.4500122070312,531.9500122070312,528.0499877929688,531.9500122070312,19130
2023-06-13 09:15:00+05:30,530.0499877929688,547.7999877929688,530.0499877929688,544.9500122070312,2788
2023-06-13 10:15:00+05:30,544.9000244140625,549.7999877929688,543.5999755859375,544.5,94108
2023-06-13 11:15:00+05:30,544.5,547.2000122070312,543.0499877929688,545.8499755859375,31285
2023-06-13 12:15:00+05:30,545.5,547.0499877929688,541.5,541.6500244140625,36292
2023-06-13 13:15:00+05:30,542.0,546.6500244140625,541.8499755859375,545.0,39407
2023-06-13 14:15:00+05:30,545.0,549.0,542.9000244140625,548.2000122070312,45822
2023-06-13 15:15:00+05:30,548.2000122070312,549.9000244140625,547.25,548.5,55507
2023-06-14 09:15:00+05:30,550.0,550.0,544.5,548.8499755859375,0
2023-06-14 10:15:00+05:30,548.5499877929688,550.0,548.0,548.0,33673
2023-06-14 11:15:00+05:30,549.0,549.0,546.5499877929688,547.5499877929688,15936
2023-06-14 12:15:00+05:30,547.5,548.6500244140625,540.3499755859375,544.6500244140625,34059
2023-06-14 13:15:00+05:30,545.0,548.2999877929688,544.4000244140625,547.5,27654
2023-06-14 14:15:00+05:30,548.2000122070312,549.0,546.9000244140625,548.0999755859375,18894
2023-06-14 15:15:00+05:30,548.5499877929688,549.0,546.7000122070312,547.7000122070312,0
2023-06-15 09:15:00+05:30,550.0,551.7000122070312,544.25,548.0999755859375,113123
2023-06-15 10:15:00+05:30,548.9500122070312,550.0,547.0499877929688,548.7999877929688,29081
2023-06-15 11:15:00+05:30,548.75,550.0,544.25,545.75,71078
2023-06-15 12:15:00+05:30,546.4000244140625,547.5999755859375,545.0999755859375,546.4000244140625,18797
2023-06-15 13:15:00+05:30,546.5499877929688,547.0,542.0999755859375,542.7000122070312,19820
2023-06-15 14:15:00+05:30,542.9500122070312,543.5,531.2000122070312,534.5,109670
2023-06-15 15:15:00+05:30,534.5999755859375,534.5999755859375,527.3499755859375,528.0,51921
2023-06-16 09:15:00+05:30,535.8499755859375,539.9000244140625,532.0999755859375,533.7000122070312,0
2023-06-16 10:15:00+05:30,533.3499755859375,534.2000122070312,531.0999755859375,532.7000122070312,26811
2023-06-16 11:15:00+05:30,532.25,533.9000244140625,526.25,533.1500244140625,39113
2023-06-16 12:15:00+05:30,532.5499877929688,538.4000244140625,532.5,536.5,39587
2023-06-16 13:15:00+05:30,536.9500122070312,537.7000122070312,536.0999755859375,537.2000122070312,11427
2023-06-16 14:15:00+05:30,536.8499755859375,537.5,534.25,534.7999877929688,27606
2023-06-16 15:15:00+05:30,535.0,535.5,531.25,533.5,21953
2023-06-19 09:15:00+05:30,536.2999877929688,547.8499755859375,536.2999877929688,543.4500122070312,0
2023-06-19 10:15:00+05:30,543.4500122070312,546.0,540.0499877929688,543.0499877929688,41667
2023-06-19 11:15:00+05:30,543.2999877929688,543.5999755859375,540.9000244140625,541.75,20153
2023-06-19 12:15:00+05:30,541.3499755859375,542.5,540.0,540.1500244140625,9469
2023-06-19 13:15:00+05:30,540.0,540.0,537.0,538.0,18734
2023-06-19 14:15:00+05:30,537.2999877929688,538.5499877929688,534.0499877929688,535.2999877929688,30902
2023-06-19 15:15:00+05:30,535.0999755859375,535.1500244140625,532.0,534.1500244140625,27036
2023-06-20 09:15:00+05:30,535.75,538.0,526.6500244140625,531.6500244140625,0
2023-06-20 10:15:00+05:30,531.5999755859375,532.9500122070312,529.0499877929688,530.6500244140625,14573
2023-06-20 11:15:00+05:30,530.6500244140625,531.5,529.5,530.0999755859375,7627
2023-06-20 12:15:00+05:30,530.0999755859375,532.0499877929688,529.7999877929688,530.4500122070312,5337
2023-06-20 13:15:00+05:30,531.0999755859375,532.5,530.5499877929688,532.0,8149
2023-06-20 14:15:00+05:30,532.1500244140625,533.7000122070312,530.0499877929688,532.0999755859375,27824
2023-06-20 15:15:00+05:30,531.0,532.9500122070312,530.0,531.0,14343
2023-06-21 09:15:00+05:30,532.7000122070312,541.9500122070312,532.0999755859375,538.25,83377
2023-06-21 10:15:00+05:30,537.4500122070312,538.25,536.1500244140625,536.1500244140625,10607
2023-06-21 11:15:00+05:30,536.4500122070312,537.0499877929688,535.4000244140625,536.75,32101
2023-06-21 12:15:00+05:30,536.8499755859375,537.8499755859375,533.9500122070312,534.7999877929688,32665
2023-06-21 13:15:00+05:30,534.5999755859375,537.0499877929688,534.2000122070312,536.5999755859375,10926
2023-06-21 14:15:00+05:30,536.5999755859375,542.9000244140625,533.0499877929688,539.5999755859375,53040
2023-06-21 15:15:00+05:30,539.75,541.5,537.5499877929688,539.0999755859375,17114
2023-06-22 09:15:00+05:30,542.8499755859375,554.4000244140625,541.0,547.75,120854
2023-06-22 10:15:00+05:30,547.9500122070312,550.0,544.2999877929688,547.6500244140625,132542
2023-06-22 11:15:00+05:30,547.6500244140625,547.9500122070312,533.0499877929688,534.8499755859375,87122
2023-06-22 12:15:00+05:30,534.7999877929688,539.2999877929688,533.7999877929688,535.8499755859375,58104
2023-06-22 13:15:00+05:30,535.4000244140625,539.0,533.5499877929688,533.9500122070312,39717
2023-06-22 14:15:00+05:30,533.5,535.7999877929688,533.0499877929688,534.4500122070312,37020
2023-06-22 15:15:00+05:30,534.2000122070312,534.6500244140625,527.0499877929688,531.3499755859375,0
2023-06-23 09:15:00+05:30,533.0,537.5,527.25,533.5499877929688,95889
2023-06-23 10:15:00+05:30,534.2000122070312,539.7999877929688,534.0499877929688,536.7000122070312,44866
2023-06-23 11:15:00+05:30,537.0999755859375,548.0499877929688,537.0999755859375,546.8499755859375,147310
2023-06-23 12:15:00+05:30,546.3499755859375,549.9000244140625,545.0499877929688,546.7000122070312,103596
2023-06-23 13:15:00+05:30,546.6500244140625,547.9000244140625,540.2999877929688,543.0,41796
2023-06-23 14:15:00+05:30,543.0,544.7999877929688,540.0499877929688,543.0499877929688,46736
2023-06-23 15:15:00+05:30,543.0,543.0,539.0,541.5499877929688,0
2023-06-26 09:15:00+05:30,543.2000122070312,545.5,534.9500122070312,538.8499755859375,0
2023-06-26 10:15:00+05:30,539.0,539.9000244140625,535.0499877929688,535.7999877929688,26686
2023-06-26 11:15:00+05:30,535.7999877929688,538.2000122070312,535.5999755859375,537.2000122070312,27129
2023-06-26 12:15:00+05:30,537.2999877929688,540.5,537.0499877929688,538.3499755859375,18087
2023-06-26 13:15:00+05:30,538.9000244140625,542.0,538.4000244140625,538.9500122070312,18164
2023-06-26 14:15:00+05:30,538.9500122070312,549.9500122070312,538.5999755859375,547.1500244140625,121897
2023-06-26 15:15:00+05:30,547.8499755859375,552.4000244140625,547.0,549.8499755859375,311778
2023-06-27 09:15:00+05:30,553.5999755859375,565.75,553.5999755859375,558.0499877929688,0
2023-06-27 10:15:00+05:30,557.8499755859375,558.7999877929688,538.0,543.0999755859375,270472
2023-06-27 11:15:00+05:30,543.0,545.8499755859375,541.5,544.5999755859375,41992
2023-06-27 12:15:00+05:30,544.5499877929688,545.5,540.5,542.4000244140625,31894
2023-06-27 13:15:00+05:30,542.3499755859375,544.0,541.7000122070312,543.7999877929688,16603
2023-06-27 14:15:00+05:30,543.5999755859375,548.2000122070312,540.0,540.0,90077
2023-06-27 15:15:00+05:30,540.0,540.9000244140625,537.0499877929688,538.0,69604
2023-06-28 15:15:00+05:30,529.9000244140625,529.9000244140625,529.9000244140625,529.9000244140625,0
2023-06-30 09:15:00+05:30,532.5,540.7999877929688,531.0499877929688,538.2999877929688,0
2023-06-30 10:15:00+05:30,538.75,541.5,537.9500122070312,539.7000122070312,82725
2023-06-30 11:15:00+05:30,539.9000244140625,539.9000244140625,537.0499877929688,538.4500122070312,39289
2023-06-30 12:15:00+05:30,538.4500122070312,540.25,537.75,540.0,138632
2023-06-30 13:15:00+05:30,540.0,541.0,539.0499877929688,539.25,21936
2023-06-30 14:15:00+05:30,539.25,540.9000244140625,539.0499877929688,540.4000244140625,34173
2023-06-30 15:15:00+05:30,540.4000244140625,544.9500122070312,539.0999755859375,541.5999755859375,65019
2023-07-03 09:15:00+05:30,545.9000244140625,546.0999755859375,540.7999877929688,541.8499755859375,0
2023-07-03 10:15:00+05:30,541.8499755859375,542.0499877929688,539.0999755859375,541.25,17828
2023-07-03 11:15:00+05:30,541.25,542.0499877929688,540.5,540.5999755859375,9141
2023-07-03 12:15:00+05:30,540.5999755859375,541.3499755859375,540.5,540.9500122070312,7513
2023-07-03 13:15:00+05:30,540.6500244140625,541.25,538.8499755859375,539.4000244140625,22222
2023-07-03 14:15:00+05:30,539.5999755859375,541.0,538.0999755859375,539.7999877929688,23973
2023-07-03 15:15:00+05:30,539.7000122070312,541.9500122070312,538.0499877929688,539.2999877929688,11664
2023-07-04 09:15:00+05:30,541.5,544.7000122070312,539.0,542.0,0
2023-07-04 10:15:00+05:30,541.4500122070312,542.5499877929688,540.5,540.8499755859375,13821
2023-07-04 11:15:00+05:30,541.0999755859375,542.1500244140625,540.1500244140625,540.75,8449
2023-07-04 12:15:00+05:30,541.25,541.4500122070312,539.4500122070312,539.4500122070312,7937
2023-07-04 13:15:00+05:30,539.4500122070312,540.0,539.0499877929688,539.0499877929688,9707
2023-07-04 14:15:00+05:30,539.0499877929688,540.0499877929688,538.5,538.8499755859375,14938
2023-07-04 15:15:00+05:30,538.9500122070312,539.9000244140625,538.0499877929688,539.0,11952
2023-07-05 09:15:00+05:30,540.0499877929688,545.6500244140625,540.0,544.0,0
2023-07-05 10:15:00+05:30,544.0,544.4500122070312,542.0,542.7999877929688,23102
2023-07-05 11:15:00+05:30,542.8499755859375,543.6500244140625,541.4000244140625,542.75,27927
2023-07-05 12:15:00+05:30,542.5999755859375,543.0499877929688,539.0999755859375,539.7999877929688,35421
2023-07-05 13:15:00+05:30,539.7000122070312,541.7000122070312,539.0499877929688,541.5499877929688,16430
2023-07-05 14:15:00+05:30,541.5999755859375,542.0,539.7999877929688,541.0,30900
2023-07-05 15:15:00+05:30,541.0,541.8499755859375,539.6500244140625,540.4500122070312,26297
2023-07-06 09:15:00+05:30,540.6500244140625,543.5999755859375,539.7999877929688,541.5,0
2023-07-06 10:15:00+05:30,541.5,541.5499877929688,540.0,541.4500122070312,13736
2023-07-06 11:15:00+05:30,541.0499877929688,541.5,540.0,540.6500244140625,12569
2023-07-06 12:15:00+05:30,540.6500244140625,541.0,538.5499877929688,540.4500122070312,16376
2023-07-06 13:15:00+05:30,540.5,540.9500122070312,539.5,539.5999755859375,15380
2023-07-06 14:15:00+05:30,539.5999755859375,540.7999877929688,539.0499877929688,539.9000244140625,23472
2023-07-06 15:15:00+05:30,539.9000244140625,540.0,538.7999877929688,539.5499877929688,0
2023-07-07 09:15:00+05:30,542.0,543.7000122070312,540.3499755859375,541.5,32188
2023-07-07 10:15:00+05:30,541.4500122070312,542.0,539.0,540.4500122070312,34039
2023-07-07 11:15:00+05:30,540.5,542.75,539.4500122070312,540.4000244140625,25425
2023-07-07 12:15:00+05:30,540.0,541.1500244140625,536.5999755859375,538.5999755859375,33736
2023-07-07 13:15:00+05:30,537.6500244140625,539.9500122070312,537.0499877929688,537.7999877929688,7958
2023-07-07 14:15:00+05:30,537.9000244140625,540.9000244140625,537.5,538.5999755859375,19003
2023-07-07 15:15:00+05:30,538.5499877929688,540.0,538.0,540.0,13444
2023-07-10 09:15:00+05:30,538.6500244140625,546.9000244140625,538.6500244140625,542.2999877929688,0
2023-07-10 10:15:00+05:30,542.4000244140625,542.7999877929688,539.0999755859375,539.5999755859375,19164
2023-07-10 11:15:00+05:30,539.6500244140625,541.0,538.5499877929688,540.75,22220
2023-07-10 12:15:00+05:30,540.9000244140625,542.5,540.5499877929688,542.0499877929688,26972
2023-07-10 13:15:00+05:30,542.0,542.0,540.25,541.4500122070312,10060
2023-07-10 14:15:00+05:30,541.0,546.7999877929688,540.6500244140625,546.5,83816
2023-07-10 15:15:00+05:30,546.8499755859375,549.9500122070312,544.7999877929688,546.3499755859375,0
2023-07-11 09:15:00+05:30,550.0,554.0,545.25,552.0499877929688,247756
2023-07-11 10:15:00+05:30,551.5999755859375,552.9500122070312,548.0499877929688,549.9000244140625,62460
2023-07-11 11:15:00+05:30,549.75,550.1500244140625,545.7000122070312,548.6500244140625,55390
2023-07-11 12:15:00+05:30,548.5,549.8499755859375,546.5999755859375,549.0999755859375,27777
2023-07-11 13:15:00+05:30,549.0999755859375,549.9000244140625,545.3499755859375,548.0,32276
2023-07-11 14:15:00+05:30,547.75,548.0,543.0,545.5,58389
2023-07-11 15:15:00+05:30,545.4000244140625,547.0,543.5,545.5,37722
