Date,Open,High,Low,Close,Volume
2020-01-02,17734.150390625,17925.80078125,17726.849609375,17913.650390625,0
2020-01-03,17851.55078125,17858.400390625,17669.349609375,17731.25,0
2020-01-06,17645.349609375,17649.599609375,17268.650390625,17298.900390625,0
2020-01-07,17481.80078125,17637.19921875,17277.19921875,17384.5,0
2020-01-08,17180.05078125,17413.150390625,17132.599609375,17371.349609375,0
2020-01-09,17566.849609375,17818.05078125,17521.599609375,17760.5,0
2020-01-10,17825.69921875,17860.69921875,17659.650390625,17729.25,0
2020-01-13,17749.150390625,17852.55078125,17711.900390625,17811.05078125,0
2020-01-14,17827.75,17851.599609375,17707.30078125,17727.25,0
2020-01-15,17667.75,17670.44921875,17493.849609375,17572.30078125,0
2020-01-16,17574.80078125,17664.0,17505.150390625,17584.80078125,0
2020-01-17,17461.150390625,17524.650390625,17367.94921875,17444.349609375,0
2020-01-20,17620.80078125,17620.80078125,17143.849609375,17161.19921875,0
2020-01-21,17104.19921875,17222.400390625,17036.19921875,17099.599609375,0
2020-01-22,17150.650390625,17205.19921875,16897.650390625,16931.900390625,0
2020-01-23,16958.44921875,17138.44921875,16900.80078125,17075.849609375,0
2020-01-24,17096.650390625,17284.150390625,17013.75,17202.19921875,0
2020-01-27,17145.099609375,17229.80078125,16994.349609375,17009.599609375,0
2020-01-28,17048.44921875,17121.099609375,16914.650390625,16966.099609375,0
2020-01-29,17047.55078125,17124.900390625,16988.650390625,17006.849609375,0
2020-01-30,17004.55078125,17017.80078125,16804.19921875,16869.80078125,0
2020-01-31,17039.650390625,17065.599609375,16901.69921875,16936.349609375,0
2020-02-03,16419.80078125,16653.400390625,16326.900390625,16605.150390625,0
2020-02-04,16706.94921875,16975.849609375,16688.75,16932.25,0
2020-02-05,16977.0,17119.099609375,16909.349609375,17086.349609375,0
2020-02-06,17134.900390625,17342.5,17046.400390625,17250.5,0
2020-02-07,17299.599609375,17302.30078125,17114.44921875,17181.5,0
2020-02-10,17220.75,17220.849609375,17041.25,17081.25,0
2020-02-11,17173.150390625,17318.69921875,17167.44921875,17201.75,0
2020-02-12,17231.599609375,17347.400390625,17204.900390625,17318.94921875,0
2020-02-13,17365.400390625,17365.400390625,17049.900390625,17083.0,0
2020-02-14,17114.05078125,17185.349609375,16815.0,16871.44921875,0
2020-02-17,16885.599609375,16976.19921875,16768.69921875,16808.849609375,0
2020-02-18,16790.400390625,16807.849609375,16538.05078125,16689.400390625,0
2020-02-19,16867.0,16890.349609375,16706.5,16838.69921875,0
2020-02-20,16863.05078125,16992.69921875,16778.349609375,16895.0,0
2020-02-24,16741.80078125,16756.349609375,16615.44921875,16631.349609375,0
2020-02-25,16662.150390625,16699.099609375,16537.75,16589.30078125,0
2020-02-26,16507.150390625,16618.25,16413.849609375,16495.19921875,0
2020-02-27,16485.349609375,16492.80078125,16292.7001953125,16470.69921875,0
2020-02-28,16119.150390625,16146.900390625,15906.25,15953.599609375,0
2020-03-02,16238.900390625,16300.0,15698.7001953125,15861.5498046875,0
2020-03-03,15930.4501953125,16101.099609375,15811.2998046875,16054.9501953125,0
2020-03-04,16093.400390625,16103.7998046875,15495.400390625,15761.599609375,0
2020-03-05,15838.7998046875,16042.5,15681.2998046875,15853.4501953125,0
2020-03-06,15232.400390625,15388.4501953125,14970.849609375,15259.5,0
2020-03-09,14836.7998046875,14870.9501953125,14212.4501953125,14480.400390625,0
2020-03-11,14365.0,14684.599609375,14343.650390625,14548.0,0
2020-03-12,13804.7998046875,13861.5,12996.75,13232.2998046875,0
2020-03-13,12491.650390625,14009.7998046875,11757.599609375,13740.5498046875,0
2020-03-16,13147.9501953125,13164.099609375,12504.599609375,12557.099609375,0
2020-03-17,12691.9501953125,12817.650390625,11981.75,12053.0498046875,0
2020-03-18,12193.650390625,12263.0,10895.7998046875,11069.650390625,0
2020-03-19,10430.349609375,11248.099609375,9994.650390625,10789.75,0
2020-03-20,10676.900390625,11234.25,10300.0498046875,10927.900390625,0
2020-03-23,9859.849609375,10104.349609375,8906.0498046875,8974.2998046875,0
2020-03-24,9400.0498046875,9478.5,8487.25,9050.5,0
2020-03-25,8852.2998046875,9906.7001953125,8794.900390625,9775.849609375,0
2020-03-26,9959.099609375,10990.0,9779.599609375,10556.2001953125,0
2020-03-27,11241.150390625,11586.75,10505.099609375,10738.150390625,0
2020-03-30,10317.849609375,10599.849609375,10007.150390625,10089.400390625,0
2020-03-31,10358.650390625,10371.7998046875,10021.25,10173.7001953125,0
2020-04-01,10206.099609375,10225.849609375,9590.25,9685.099609375,0
2020-04-03,9753.150390625,9753.150390625,9094.9501953125,9157.099609375,0
2020-04-07,9823.7998046875,10234.75,9569.7998046875,10169.400390625,0
2020-04-08,10042.4501953125,10909.4501953125,9857.650390625,10158.400390625,0
2020-04-09,10503.599609375,10732.599609375,10276.0,10695.0,0
2020-04-13,10658.7998046875,10693.0,10354.849609375,10500.900390625,0
2020-04-15,10845.9501953125,10894.599609375,10130.9501953125,10278.9501953125,0
2020-04-16,10220.7001953125,10508.5498046875,10069.099609375,10442.650390625,0
2020-04-17,11009.7998046875,11317.7001953125,10672.400390625,11212.099609375,0
2020-04-20,11458.25,11467.849609375,11039.25,11082.900390625,0
2020-04-21,10673.75,10723.0,10349.9501953125,10430.7001953125,0
2020-04-22,10368.0498046875,10641.099609375,10233.650390625,10580.650390625,0
2020-04-23,10689.75,10964.2001953125,10533.650390625,10915.5498046875,0
2020-04-24,10588.900390625,10740.400390625,10505.5,10542.599609375,0
2020-04-27,10691.099609375,10910.599609375,10679.650390625,10857.5498046875,0
2020-04-28,11091.900390625,11298.5498046875,10979.25,11243.5498046875,0
2020-04-29,11091.75,11601.900390625,11064.9501953125,11455.7001953125,0
2020-04-30,11739.849609375,11981.599609375,11639.0,11743.4501953125,0
2020-05-04,11179.2001953125,11189.0,10675.150390625,10733.650390625,0
2020-05-05,10964.650390625,11018.0498046875,10492.849609375,10526.9501953125,0
2020-05-06,10538.650390625,10851.650390625,10342.099609375,10787.099609375,0
2020-05-07,10690.400390625,10832.25,10587.9501953125,10692.599609375,0
2020-05-08,10897.7001953125,10976.849609375,10571.9501953125,10613.4501953125,0
2020-05-11,10765.400390625,10838.400390625,10348.099609375,10379.25,0
2020-05-12,10271.75,10381.5498046875,10006.7998046875,10310.75,0
2020-05-13,10944.2998046875,11008.400390625,10609.5,10718.900390625,0
2020-05-14,10483.0498046875,10599.400390625,10420.5,10444.75,0
2020-05-15,10468.900390625,10479.900390625,10229.599609375,10315.099609375,0
2020-05-18,10293.400390625,10293.400390625,9569.9501953125,9603.2001953125,0
2020-05-19,9867.400390625,9947.0498046875,9507.349609375,9568.849609375,0
2020-05-20,9560.4501953125,9849.7001953125,9520.7998046875,9764.849609375,0
2020-05-21,9800.849609375,9947.150390625,9652.7998046875,9697.4501953125,0
2020-05-22,9586.650390625,9798.650390625,9317.150390625,9421.5498046875,0
2020-05-26,9564.099609375,9648.75,9439.349609375,9511.2001953125,0
2020-05-27,9606.599609375,10311.349609375,9585.400390625,10220.4501953125,0
2020-05-28,10344.599609375,10658.0,10291.2001953125,10505.400390625,0
2020-05-29,10385.4501953125,10614.150390625,10253.2998046875,10583.150390625,0
2020-06-01,10822.0498046875,11081.5,10770.4501953125,10925.5,0
2020-06-02,11027.349609375,11326.25,10880.0498046875,11275.0498046875,0
2020-06-03,11526.900390625,11866.349609375,11417.650390625,11485.099609375,0
2020-06-04,11469.0498046875,11578.150390625,11095.4501953125,11128.7001953125,0
2020-06-05,11185.400390625,11485.900390625,11113.849609375,11399.7001953125,0
2020-06-08,11712.0498046875,11826.2001953125,11378.349609375,11545.599609375,0
2020-06-09,11613.849609375,11781.0498046875,11261.900390625,11312.900390625,0
2020-06-10,11335.150390625,11640.7001953125,11294.9501953125,11546.349609375,0
2020-06-11,11547.7998046875,11654.7001953125,11275.099609375,11313.25,0
2020-06-12,10730.2998046875,11437.349609375,10728.4501953125,11383.5,0
2020-06-15,11278.349609375,11287.849609375,10860.650390625,10946.2998046875,0
2020-06-16,11279.0,11358.2001953125,10702.2001953125,11155.0,0
2020-06-17,11065.2998046875,11346.900390625,10983.900390625,11114.5498046875,0
2020-06-18,11079.0,11550.599609375,11014.349609375,11513.75,0
2020-06-19,11511.2998046875,11767.5,11450.25,11680.25,0
2020-06-22,11777.150390625,12108.099609375,11743.150390625,11902.400390625,0
2020-06-23,11986.849609375,12263.900390625,11880.349609375,12230.0498046875,0
2020-06-24,12344.9501953125,12346.2001953125,11682.650390625,11739.4501953125,0
2020-06-25,11629.2001953125,11894.400390625,11461.0,11782.599609375,0
2020-06-26,11905.75,11950.650390625,11697.349609375,11854.599609375,0
2020-06-29,11684.599609375,11764.75,11530.900390625,11718.7001953125,0
2020-06-30,11821.349609375,11883.7998046875,11636.2001953125,11721.25,0
2020-07-01,11712.900390625,12089.150390625,11670.25,12042.2998046875,0
2020-07-02,12137.2998046875,12252.849609375,12011.599609375,12043.5,0
2020-07-03,12127.2998046875,12145.0,11936.7998046875,11987.650390625,0
2020-07-06,12219.150390625,12292.4501953125,12157.599609375,12175.650390625,0
2020-07-07,12222.2998046875,12530.9501953125,12117.650390625,12499.0,0
2020-07-08,12550.400390625,12740.099609375,12407.5,12460.150390625,0
2020-07-09,12558.4501953125,12655.599609375,12495.75,12606.5498046875,0
2020-07-10,12504.900390625,12544.0498046875,12258.4501953125,12306.5498046875,0
2020-07-13,12423.150390625,12448.150390625,12089.2001953125,12143.5,0
2020-07-14,12020.4501953125,12036.900390625,11645.349609375,11740.150390625,0
2020-07-15,11880.650390625,12054.599609375,11646.9501953125,11713.0,0
2020-07-16,11785.9501953125,11895.5498046875,11536.900390625,11855.75,0
2020-07-17,11868.75,12108.150390625,11836.599609375,12057.7998046875,0
2020-07-20,12241.0,12352.25,12177.4501953125,12245.25,0
2020-07-21,12422.2998046875,12528.5,12392.099609375,12489.4501953125,0
2020-07-22,12715.150390625,12749.75,12439.9501953125,12571.400390625,0
2020-07-23,12554.2001953125,12669.25,12488.599609375,12643.0498046875,0
2020-07-24,12512.75,12514.2998046875,12296.099609375,12457.7998046875,0
2020-07-27,12464.599609375,12469.2998046875,11978.650390625,12004.400390625,0
2020-07-28,12057.5498046875,12228.4501953125,11889.0498046875,12155.7001953125,0
2020-07-29,12161.849609375,12288.5,12058.4501953125,12147.400390625,0
2020-07-30,12203.9501953125,12230.25,11864.4501953125,11906.9501953125,0
2020-07-31,11946.25,11969.5498046875,11737.25,11874.75,0
2020-08-03,11802.7998046875,11802.7998046875,11471.7001953125,11493.0,0
2020-08-04,11597.0,11772.0,11469.599609375,11725.2001953125,0
2020-08-05,11839.900390625,11973.099609375,11715.7998046875,11749.25,0
2020-08-06,11824.7998046875,11977.75,11663.25,11827.400390625,0
2020-08-07,11812.849609375,11949.650390625,11718.7001953125,11930.400390625,0
2020-08-10,11965.099609375,12082.349609375,11913.2001953125,11969.900390625,0
2020-08-11,12059.25,12195.9501953125,12050.400390625,12169.900390625,0
2020-08-12,12103.2001953125,12167.099609375,12016.9501953125,12124.4501953125,0
2020-08-13,12189.0498046875,12217.25,12062.5498046875,12090.4501953125,0
2020-08-14,12176.2998046875,12176.2998046875,11706.5,11831.9501953125,0
2020-08-17,11954.650390625,11956.0498046875,11709.349609375,11882.25,0
2020-08-18,11885.2001953125,12172.4501953125,11847.5,12143.5498046875,0
2020-08-19,12217.2998046875,12258.2001953125,12155.900390625,12192.150390625,0
2020-08-20,12037.900390625,12085.0,11973.0498046875,12032.5,0
2020-08-21,12122.5498046875,12210.9501953125,12106.2001953125,12185.7998046875,0
2020-08-24,12262.0,12527.099609375,12249.400390625,12484.5,0
2020-08-25,12557.4501953125,12655.7001953125,12491.2001953125,12596.2998046875,0
2020-08-26,12652.7998046875,12844.5498046875,12605.849609375,12818.5,0
2020-08-27,12878.9501953125,13009.75,12853.4501953125,12936.849609375,0
2020-08-28,12947.349609375,13575.599609375,12922.150390625,13501.900390625,0
2020-08-31,13792.9501953125,13901.9501953125,12839.5,13052.25,0
2020-09-01,13132.25,13311.0498046875,12879.7001953125,13045.599609375,0
2020-09-02,13027.4501953125,13155.150390625,12885.0498046875,13126.9501953125,0
2020-09-03,13191.0498046875,13226.0498046875,12903.150390625,12946.0,0
2020-09-04,12697.150390625,12884.4501953125,12576.150390625,12671.400390625,0
2020-09-07,12681.0498046875,12709.849609375,12484.2001953125,12608.150390625,0
2020-09-08,12622.349609375,12674.4501953125,12439.2001953125,12495.2001953125,0
2020-09-09,12354.599609375,12400.25,12169.849609375,12271.0,0
2020-09-10,12378.9501953125,12500.9501953125,12251.0,12392.2001953125,0
2020-09-11,12409.650390625,12495.400390625,12242.4501953125,12372.400390625,0
2020-09-14,12480.5,12540.25,12163.0498046875,12205.5,0
2020-09-15,12256.5,12465.7001953125,12174.5498046875,12431.900390625,0
2020-09-16,12449.0,12537.400390625,12289.5498046875,12485.25,0
2020-09-17,12357.5,12457.400390625,12322.4501953125,12354.650390625,0
2020-09-18,12426.25,12439.2001953125,12067.2998046875,12207.9501953125,0
2020-09-21,12173.599609375,12230.0498046875,11743.9501953125,11797.2998046875,0
2020-09-22,11837.2001953125,11852.4501953125,11540.25,11634.400390625,0
2020-09-23,11752.599609375,11761.650390625,11456.900390625,11658.849609375,0
2020-09-24,11504.2998046875,11537.4501953125,11219.0,11247.2998046875,0
2020-09-25,11403.400390625,11586.75,11230.0,11540.9501953125,0
2020-09-28,11638.9501953125,11977.5,11585.400390625,11951.099609375,0
2020-09-29,12008.150390625,12029.849609375,11733.2001953125,11799.349609375,0
2020-09-30,11797.25,11870.349609375,11643.599609375,11816.650390625,0
2020-10-01,11955.900390625,12329.7001953125,11939.25,12302.2001953125,0
2020-10-05,12357.25,12626.9501953125,12327.9501953125,12399.75,0
2020-10-06,12569.0,12706.4501953125,12486.0498046875,12683.5498046875,0
2020-10-07,12665.75,12786.0,12531.4501953125,12753.2998046875,0
2020-10-08,12857.75,13012.0498046875,12801.849609375,12876.099609375,0
2020-10-09,12942.099609375,13240.650390625,12849.5498046875,13211.2001953125,0
2020-10-12,13273.5,13382.900390625,13041.2001953125,13131.599609375,0
2020-10-13,13094.9501953125,13149.099609375,12968.9501953125,13006.5498046875,0
2020-10-14,12923.4501953125,13246.2998046875,12807.7001953125,13198.7001953125,0
2020-10-15,13218.400390625,13316.75,12701.5,12761.0,0
2020-10-16,12842.75,13083.2998046875,12816.2998046875,13023.2001953125,0
2020-10-19,13232.25,13469.9501953125,13148.650390625,13434.349609375,0
2020-10-20,13358.2001953125,13505.849609375,13302.9501953125,13461.5498046875,0
2020-10-21,13530.7998046875,13752.2001953125,13338.400390625,13630.599609375,0
2020-10-22,13524.0,13660.099609375,13407.9501953125,13534.599609375,0
2020-10-23,13641.2001953125,13685.5498046875,13466.25,13529.849609375,0
2020-10-26,13576.4501953125,13604.7998046875,13226.5,13338.7998046875,0
2020-10-27,13456.099609375,13777.849609375,13250.4501953125,13755.9501953125,0
2020-10-28,13736.2998046875,13772.849609375,13363.400390625,13454.7001953125,0
2020-10-29,13357.0,13504.849609375,13226.5498046875,13378.650390625,0
2020-10-30,13373.5498046875,13470.4501953125,13102.900390625,13258.0,0
2020-11-02,13515.7001953125,13965.150390625,13398.9501953125,13820.25,0
2020-11-03,13932.5,14286.2001953125,13922.7001953125,14246.2001953125,0
2020-11-04,14168.75,14361.5,13951.7001953125,14303.599609375,0
2020-11-05,14486.4501953125,14597.4501953125,14377.5498046875,14574.349609375,0
2020-11-06,14550.9501953125,14915.75,14467.2998046875,14882.7001953125,0
2020-11-09,15037.599609375,15398.7998046875,15027.7001953125,15371.2001953125,0
2020-11-10,15639.650390625,16071.7998046875,15554.849609375,15946.849609375,0
2020-11-11,16007.099609375,16126.25,15660.349609375,16018.75,0
2020-11-12,15908.900390625,15922.75,15596.5498046875,15727.849609375,0
2020-11-13,15627.2998046875,15885.5,15407.75,15846.5,0
2020-11-17,16027.2001953125,16225.5498046875,15957.849609375,16195.7998046875,0
2020-11-18,16159.7998046875,16532.150390625,16132.2001953125,16513.19921875,0
2020-11-19,16270.7001953125,16449.0,16027.900390625,16081.0498046875,0
2020-11-20,16086.099609375,16312.25,15872.849609375,16216.4501953125,0
2020-11-23,16353.400390625,16391.599609375,16063.2001953125,16166.849609375,0
2020-11-24,16298.4501953125,16592.349609375,16263.0,16542.94921875,0
2020-11-25,16709.099609375,16793.849609375,16198.0498046875,16232.900390625,0
2020-11-26,16331.5498046875,16433.599609375,16060.5498046875,16390.400390625,0
2020-11-27,16440.75,16515.44921875,16329.2998046875,16473.099609375,0
2020-12-01,16615.05078125,16648.400390625,16414.94921875,16597.25,0
2020-12-02,16640.5,16645.75,16227.75,16402.55078125,0
2020-12-03,16537.05078125,16549.349609375,16283.0498046875,16321.599609375,0
2020-12-04,16397.55078125,16711.650390625,16346.9501953125,16648.099609375,0
2020-12-07,16661.349609375,16808.94921875,16603.5,16722.900390625,0
2020-12-08,16770.599609375,16780.900390625,16603.05078125,16685.69921875,0
2020-12-09,16737.099609375,17008.150390625,16728.30078125,16962.0,0
2020-12-10,16875.69921875,16928.599609375,16689.849609375,16854.0,0
2020-12-11,16884.150390625,17012.599609375,16741.25,16907.19921875,0
2020-12-14,16978.400390625,17043.849609375,16927.05078125,16986.80078125,0
2020-12-15,17023.5,17023.94921875,16777.44921875,16982.099609375,0
2020-12-16,17110.80078125,17117.94921875,16939.5,16999.599609375,0
2020-12-17,17040.599609375,17141.75,16964.849609375,17087.900390625,0
2020-12-18,17088.5,17095.349609375,16794.5,16961.69921875,0
2020-12-21,16906.94921875,16914.44921875,16119.099609375,16265.150390625,0
2020-12-22,16348.4501953125,16408.0,15990.4501953125,16358.4501953125,0
2020-12-23,16333.9501953125,16550.05078125,16265.7998046875,16515.19921875,0
2020-12-24,16620.400390625,16858.400390625,16581.349609375,16777.80078125,0
2020-12-28,16862.150390625,17057.80078125,16855.25,17023.55078125,0
2020-12-29,17096.55078125,17310.25,17095.150390625,17288.19921875,0
2020-12-30,17379.25,17395.75,17112.25,17263.69921875,0
2020-12-31,17275.69921875,17328.599609375,17158.849609375,17251.75,0
2021-01-04,17338.599609375,17338.599609375,17022.650390625,17181.650390625,0
2021-01-05,17094.25,17538.25,17027.75,17513.80078125,0
2021-01-06,17579.0,17649.05078125,17405.099609375,17547.05078125,0
2021-01-07,17738.25,17781.44921875,17634.69921875,17677.75,0
2021-01-08,17872.44921875,17872.44921875,17717.55078125,17756.05078125,0
2021-01-11,17859.099609375,17863.55078125,17615.80078125,17699.349609375,0
2021-01-12,17609.80078125,17868.05078125,17539.44921875,17784.05078125,0
2021-01-13,17885.19921875,17927.75,17631.44921875,17803.30078125,0
2021-01-14,17782.25,17912.650390625,17742.44921875,17782.099609375,0
2021-01-15,17785.19921875,17796.80078125,17534.150390625,17641.650390625,0
2021-01-18,17650.849609375,17701.0,17318.099609375,17401.349609375,0
2021-01-19,17546.5,17771.25,17426.94921875,17752.849609375,0
2021-01-20,17734.75,17853.349609375,17684.44921875,17799.650390625,0
2021-01-21,17918.0,18004.44921875,17522.94921875,17622.25,0
2021-01-25,17266.650390625,17331.150390625,16951.94921875,17043.900390625,0
2021-01-27,17069.69921875,17087.30078125,16469.05078125,16524.349609375,0
2021-01-28,16260.0,16614.099609375,16215.9501953125,16553.0,0
2021-01-29,16742.0,16965.0,16525.0,16694.30078125,0
2021-02-01,16912.55078125,18150.69921875,16886.25,18040.05078125,0
2021-02-02,18314.0,18851.150390625,18308.0,18587.599609375,0
2021-02-03,18754.75,18989.849609375,18476.69921875,18902.69921875,0
2021-02-04,18774.400390625,19128.5,18593.650390625,19080.5,0
2021-02-05,19050.80078125,19486.349609375,18895.650390625,18949.599609375,0
2021-02-08,19164.150390625,19381.30078125,19083.0,19133.05078125,0
2021-02-09,19188.25,19387.900390625,18977.55078125,19167.05078125,0
2021-02-10,19182.349609375,19273.400390625,18838.0,19029.80078125,0
2021-02-11,18981.400390625,19144.900390625,18951.400390625,19045.80078125,0
2021-02-12,19034.400390625,19351.400390625,19026.900390625,19228.69921875,0
2021-02-16,19949.599609375,20068.55078125,19572.94921875,19777.349609375,0
2021-02-18,19603.650390625,19603.650390625,19229.94921875,19366.900390625,0
2021-02-19,19235.94921875,19439.900390625,18936.650390625,19066.0,0
2021-02-22,19076.900390625,19216.400390625,18669.19921875,18732.80078125,0
2021-02-23,18885.25,18935.75,18571.650390625,18644.75,0
2021-02-24,18690.80078125,19432.150390625,18614.5,19366.05078125,0
2021-02-25,19535.19921875,19818.25,19431.30078125,19461.0,0
2021-02-26,19043.0,19106.849609375,18448.19921875,18551.75,0
2021-03-01,18858.400390625,18962.400390625,18638.94921875,18804.349609375,0
2021-03-02,18903.900390625,19049.30078125,18668.400390625,18906.099609375,0
2021-03-03,19089.75,19457.55078125,18987.69921875,19425.55078125,0
2021-03-04,18993.80078125,19445.650390625,18955.099609375,19178.19921875,0
2021-03-05,18978.94921875,19093.099609375,18704.349609375,18875.05078125,0
2021-03-08,18994.25,19180.099609375,18754.099609375,18857.599609375,0
2021-03-09,19085.75,19299.849609375,19022.80078125,19192.5,0
2021-03-10,19328.19921875,19371.400390625,19154.150390625,19250.75,0
2021-03-12,19555.55078125,19555.55078125,18876.599609375,19033.900390625,0
2021-03-15,19058.150390625,19058.150390625,18445.400390625,18828.599609375,0
2021-03-16,18924.349609375,18952.650390625,18614.900390625,18644.30078125,0
2021-03-17,18698.44921875,18811.150390625,18305.55078125,18356.55078125,0
2021-03-18,18547.849609375,18634.05078125,18008.599609375,18141.150390625,0
2021-03-19,17993.650390625,18424.30078125,17891.25,18305.80078125,0
2021-03-22,18255.0,18295.19921875,17890.849609375,17993.80078125,0
2021-03-23,18075.599609375,18400.150390625,17992.650390625,18305.900390625,0
2021-03-24,18158.150390625,18202.44921875,17785.19921875,17838.099609375,0
2021-03-25,17907.25,17987.5,17389.44921875,17699.150390625,0
2021-03-26,18019.400390625,18023.099609375,17767.650390625,17845.400390625,0
2021-03-30,18013.44921875,18199.19921875,17972.650390625,18099.25,0
2021-03-31,18047.80078125,18056.150390625,17715.400390625,17763.849609375,0
2021-04-01,17912.0,18141.400390625,17734.25,18093.0,0
2021-04-05,17993.19921875,18017.94921875,17267.19921875,17469.0,0
2021-04-06,17608.150390625,17674.900390625,17309.30078125,17398.75,0
2021-04-07,17415.44921875,17745.94921875,17211.30078125,17664.849609375,0
2021-04-08,17746.150390625,17824.30078125,17510.94921875,17553.0,0
2021-04-09,17477.400390625,17622.599609375,17311.55078125,17392.150390625,0
2021-04-12,16937.400390625,16980.650390625,16343.75,16481.94921875,0
2021-04-13,16539.19921875,17079.849609375,16450.05078125,17017.55078125,0
2021-04-15,17079.94921875,17190.650390625,16778.30078125,17157.349609375,0
2021-04-16,17187.05078125,17268.25,17044.80078125,17097.19921875,0
2021-04-19,16566.25,16709.25,16262.4501953125,16656.5,0
2021-04-20,16856.25,16935.849609375,16507.94921875,16620.099609375,0
2021-04-22,16435.80078125,16946.80078125,16322.0498046875,16918.349609375,0
2021-04-23,16782.30078125,17133.30078125,16717.599609375,16911.0,0
2021-04-26,17249.80078125,17375.30078125,17136.150390625,17211.900390625,0
2021-04-27,17188.44921875,17489.599609375,17157.349609375,17451.75,0
2021-04-28,17510.19921875,18008.599609375,17498.75,17973.80078125,0
2021-04-29,18083.69921875,18284.400390625,17759.94921875,18006.30078125,0
2021-04-30,17711.94921875,17927.44921875,17524.150390625,17582.44921875,0
2021-05-03,17318.650390625,17455.849609375,17104.099609375,17387.400390625,0
2021-05-04,17465.0,17664.099609375,17222.44921875,17274.44921875,0
2021-05-06,17599.900390625,17628.55078125,17408.69921875,17532.30078125,0
2021-05-07,17656.05078125,17763.599609375,17508.0,17556.25,0
2021-05-10,17685.30078125,17748.25,17606.25,17669.94921875,0
2021-05-12,17431.150390625,17455.599609375,17180.05078125,17222.599609375,0
2021-05-14,17244.599609375,17301.19921875,17031.19921875,17073.650390625,0
2021-05-17,17210.650390625,17744.75,17138.05078125,17722.900390625,0
2021-05-18,17937.349609375,18111.0,17896.69921875,17993.150390625,0
2021-05-19,17877.55078125,17982.400390625,17809.25,17847.849609375,0
2021-05-21,17775.650390625,18350.099609375,17775.650390625,18310.69921875,0
2021-05-24,18364.400390625,18595.75,18228.25,18445.55078125,0
2021-05-26,18329.849609375,18384.900390625,18169.400390625,18278.650390625,0
2021-05-27,18268.94921875,18491.05078125,18174.599609375,18433.69921875,0
2021-05-28,18549.25,18605.30078125,18386.80078125,18492.55078125,0
2021-06-01,18750.5,18780.19921875,18489.19921875,18521.599609375,0
2021-06-02,18491.650390625,18565.849609375,18381.05078125,18543.05078125,0
2021-06-03,18640.400390625,18712.80078125,18559.650390625,18674.30078125,0
2021-06-04,18704.400390625,18771.75,18450.599609375,18523.349609375,0
2021-06-07,18616.94921875,18740.69921875,18561.55078125,18690.599609375,0
2021-06-08,18690.849609375,18697.19921875,18451.400390625,18506.94921875,0
2021-06-09,18527.94921875,18673.75,18264.69921875,18346.349609375,0
2021-06-10,18394.80078125,18528.400390625,18308.55078125,18511.80078125,0
2021-06-11,18616.099609375,18625.849609375,18371.099609375,18435.80078125,0
2021-06-14,18389.30078125,18389.30078125,18098.849609375,18352.69921875,0
2021-06-15,18412.349609375,18577.19921875,18352.55078125,18549.94921875,0
2021-06-16,18529.05078125,18615.80078125,18372.400390625,18416.900390625,0
2021-06-17,18223.849609375,18357.75,18116.80078125,18199.900390625,0
2021-06-18,18262.80078125,18303.900390625,17850.150390625,18209.69921875,0
2021-06-21,17983.94921875,18401.349609375,17906.349609375,18373.5,0
2021-06-22,18487.349609375,18589.650390625,18267.69921875,18308.900390625,0
2021-06-23,18397.80078125,18408.0,18166.900390625,18191.599609375,0
2021-06-24,18250.849609375,18385.349609375,18201.400390625,18335.75,0
2021-06-25,18357.349609375,18666.55078125,18357.349609375,18586.400390625,0
2021-06-28,18649.849609375,18695.900390625,18526.099609375,18599.150390625,0
2021-06-29,18571.69921875,18580.349609375,18347.75,18406.69921875,0
2021-06-30,18404.25,18523.400390625,18268.44921875,18293.5,0
2021-07-01,18332.900390625,18355.75,18214.69921875,18232.099609375,0
2021-07-02,18259.30078125,18325.849609375,18205.05078125,18274.19921875,0
2021-07-06,18438.5,18732.69921875,18432.44921875,18635.849609375,0
2021-07-07,18619.19921875,18753.849609375,18549.94921875,18738.5,0
2021-07-08,18658.05078125,18775.55078125,18425.5,18499.650390625,0
2021-07-09,18431.650390625,18455.099609375,18257.30078125,18376.80078125,0
2021-07-12,18503.900390625,18562.849609375,18379.75,18454.0,0
2021-07-13,18605.30078125,18733.80078125,18524.55078125,18708.55078125,0
2021-07-14,18660.400390625,18768.150390625,18580.349609375,18694.0,0
2021-07-15,18731.05078125,18862.55078125,18669.0,18810.0,0
2021-07-16,18840.849609375,18840.849609375,18678.55078125,18710.0,0
2021-07-19,18354.25,18501.150390625,18260.55078125,18330.19921875,0
2021-07-20,18192.849609375,18242.349609375,17943.69921875,17966.849609375,0
2021-07-22,18161.400390625,18278.599609375,18061.94921875,18126.599609375,0
2021-07-23,18168.30078125,18331.80078125,17987.05078125,18287.150390625,0
2021-07-26,18281.05078125,18386.900390625,18137.900390625,18270.80078125,0
2021-07-27,18324.0,18387.599609375,18082.349609375,18116.0,0
2021-07-28,18160.099609375,18164.849609375,17807.80078125,18023.0,0
2021-07-29,18139.0,18150.69921875,17964.849609375,18005.94921875,0
2021-07-30,18011.400390625,18062.05078125,17883.150390625,17975.849609375,0
2021-08-02,18055.69921875,18130.94921875,17980.69921875,18036.650390625,0
2021-08-03,18012.19921875,18309.150390625,18007.25,18290.55078125,0
2021-08-04,18381.349609375,18720.849609375,18351.44921875,18645.25,0
2021-08-05,18645.25,18687.900390625,18453.69921875,18576.69921875,0
2021-08-06,18601.349609375,18716.69921875,18531.849609375,18621.05078125,0
2021-08-09,18621.69921875,18801.80078125,18522.099609375,18748.849609375,0
2021-08-10,18705.599609375,18900.55078125,18684.44921875,18739.150390625,0
2021-08-11,18821.25,18827.150390625,18459.900390625,18613.80078125,0
2021-08-12,18618.849609375,18693.650390625,18557.150390625,18660.599609375,0
2021-08-13,18700.849609375,18791.19921875,18640.69921875,18736.55078125,0
2021-08-16,18701.75,18773.099609375,18660.599609375,18704.599609375,0
2021-08-17,18617.0,18658.69921875,18430.80078125,18551.099609375,0
2021-08-18,18725.80078125,18734.55078125,18316.44921875,18382.75,0
2021-08-20,18184.849609375,18257.25,18051.150390625,18120.650390625,0
2021-08-23,18319.80078125,18319.80078125,17984.150390625,18119.150390625,0
2021-08-24,18159.400390625,18451.30078125,18079.150390625,18397.44921875,0
2021-08-25,18431.849609375,18496.55078125,18293.69921875,18335.5,0
2021-08-26,18288.94921875,18464.849609375,18255.94921875,18373.349609375,0
2021-08-27,18345.099609375,18424.599609375,18241.69921875,18406.25,0
2021-08-30,18508.650390625,18809.55078125,18459.30078125,18774.650390625,0
2021-08-31,18785.099609375,18893.55078125,18727.69921875,18837.650390625,0
2021-09-01,18914.69921875,19162.349609375,18851.849609375,18923.0,0
2021-09-02,18933.44921875,19103.349609375,18874.5,19068.599609375,0
2021-09-03,19094.5,19228.900390625,18920.0,19024.150390625,0
2021-09-06,19091.30078125,19106.099609375,18901.05078125,18921.900390625,0
2021-09-07,18906.849609375,18989.80078125,18687.349609375,18869.19921875,0
2021-09-08,18911.19921875,19069.69921875,18853.400390625,19017.30078125,0
2021-09-09,19003.44921875,19067.44921875,18908.0,18972.650390625,0
2021-09-13,18952.80078125,19003.0,18792.05078125,18872.099609375,0
2021-09-14,18957.75,19098.75,18931.150390625,19066.900390625,0
2021-09-15,19042.25,19229.900390625,18998.19921875,19185.69921875,0
2021-09-16,19272.349609375,19732.05078125,19254.400390625,19698.5,0
2021-09-17,19809.05078125,19882.150390625,19534.599609375,19745.69921875,0
2021-09-20,19521.150390625,19777.599609375,19354.69921875,19399.099609375,0
2021-09-21,19441.19921875,19554.5,19086.400390625,19514.05078125,0
2021-09-22,19549.599609375,19580.25,19351.150390625,19382.19921875,0
2021-09-23,19539.849609375,19825.150390625,19514.849609375,19789.55078125,0
2021-09-24,19879.75,19980.650390625,19744.0,19835.94921875,0
2021-09-27,19947.05078125,20102.599609375,19891.849609375,19958.5,0
2021-09-28,20059.19921875,20062.44921875,19480.5,19811.80078125,0
2021-09-29,19634.5,19712.55078125,19493.05078125,19597.25,0
2021-09-30,19564.400390625,19694.400390625,19407.55078125,19447.94921875,0
2021-10-01,19307.5,19383.5,19180.400390625,19339.400390625,0
2021-10-04,19431.099609375,19575.44921875,19417.30078125,19498.650390625,0
2021-10-05,19453.69921875,19644.650390625,19390.55078125,19623.5,0
2021-10-06,19636.849609375,19828.349609375,19456.44921875,19497.400390625,0
2021-10-07,19689.55078125,19793.0,19613.75,19706.150390625,0
2021-10-08,19785.05078125,19889.44921875,19706.849609375,19764.30078125,0
2021-10-11,19750.69921875,20092.80078125,19732.05078125,19955.75,0
2021-10-12,19886.30078125,20084.099609375,19853.650390625,20025.44921875,0
2021-10-13,20137.94921875,20176.349609375,20032.94921875,20113.650390625,0
2021-10-14,20148.19921875,20478.400390625,20119.900390625,20456.400390625,0
2021-10-18,20707.19921875,20774.099609375,20577.05078125,20628.44921875,0
2021-10-19,20758.349609375,20781.25,20465.19921875,20531.150390625,0
2021-10-20,20525.44921875,20584.400390625,20386.44921875,20487.25,0
2021-10-21,20555.19921875,20840.849609375,20431.19921875,20747.400390625,0
2021-10-22,20839.80078125,21035.599609375,20802.400390625,20951.80078125,0
2021-10-25,21308.44921875,21719.30078125,21071.900390625,21404.25,0
2021-10-26,21338.05078125,21467.80078125,21137.55078125,21373.099609375,0
2021-10-27,21376.30078125,21383.25,21012.0,21079.30078125,0
2021-10-28,21137.30078125,21157.94921875,20405.80078125,20482.94921875,0
2021-10-29,20419.75,20531.400390625,19883.349609375,20192.19921875,0
2021-11-01,20338.349609375,20618.150390625,20187.099609375,20568.44921875,0
2021-11-02,20584.55078125,20771.69921875,20478.650390625,20676.099609375,0
2021-11-03,20716.80078125,20765.599609375,20220.599609375,20295.80078125,0
2021-11-04,20454.19921875,20459.05078125,20370.599609375,20393.19921875,0
2021-11-08,20363.650390625,20363.650390625,19958.400390625,20198.900390625,0
2021-11-09,20252.30078125,20300.599609375,20074.80078125,20176.0,0
2021-11-10,20104.25,20110.94921875,19938.05078125,19985.69921875,0
2021-11-11,19934.30078125,19943.150390625,19677.30078125,19800.099609375,0
2021-11-12,19881.150390625,19938.400390625,19771.44921875,19890.05078125,0
2021-11-15,19955.44921875,20084.69921875,19830.900390625,19896.150390625,0
2021-11-16,19898.44921875,19915.349609375,19655.19921875,19704.0,0
2021-11-17,19604.44921875,19758.599609375,19512.94921875,19542.19921875,0
2021-11-18,19550.099609375,19631.44921875,19329.650390625,19418.5,0
2021-11-22,19569.25,19576.55078125,18792.400390625,19028.400390625,0
2021-11-23,18839.05078125,19153.30078125,18773.30078125,19064.099609375,0
2021-11-24,19118.69921875,19383.400390625,19034.900390625,19153.650390625,0
2021-11-25,19121.44921875,19189.69921875,18965.650390625,19119.80078125,0
2021-11-26,18835.900390625,18860.94921875,18317.75,18384.44921875,0
2021-11-29,18526.44921875,18533.30078125,18071.25,18348.19921875,0
2021-11-30,18337.55078125,18780.0,18129.44921875,18213.849609375,0
2021-12-01,18323.80078125,18602.05078125,18272.25,18566.5,0
2021-12-02,18528.150390625,18672.849609375,18465.5,18642.0,0
2021-12-03,18644.599609375,18818.400390625,18434.5,18500.69921875,0
2021-12-06,18533.599609375,18552.19921875,18224.94921875,18241.650390625,0
2021-12-07,18428.30078125,18791.400390625,18386.25,18694.099609375,0
2021-12-08,18926.69921875,19056.25,18822.349609375,18985.099609375,0
2021-12-09,19019.150390625,19049.75,18791.80078125,18909.05078125,0
2021-12-10,18927.19921875,18961.55078125,18794.80078125,18910.349609375,0
2021-12-13,19052.19921875,19159.349609375,18816.55078125,18842.599609375,0
2021-12-14,18761.349609375,18881.150390625,18629.69921875,18817.75,0
2021-12-15,18828.94921875,18913.400390625,18739.44921875,18761.55078125,0
2021-12-16,18917.150390625,18943.349609375,18544.25,18624.849609375,0
2021-12-17,18595.599609375,18626.55078125,18081.75,18122.69921875,0
2021-12-20,17908.849609375,17935.849609375,17298.5,17527.94921875,0
2021-12-21,17732.25,17839.650390625,17506.5,17628.599609375,0
2021-12-22,17758.599609375,17896.599609375,17667.30078125,17853.94921875,0
2021-12-23,18008.0,18077.150390625,17842.099609375,17910.75,0
2021-12-24,17968.5,17983.94921875,17587.400390625,17733.0,0
2021-12-27,17541.0,17839.099609375,17348.30078125,17793.900390625,0
2021-12-28,17927.75,17948.599609375,17777.80078125,17864.94921875,0
2021-12-29,17857.69921875,17996.05078125,17767.400390625,17844.5,0
2021-12-30,17802.650390625,17907.849609375,17692.94921875,17854.80078125,0
2021-12-31,17871.30078125,18112.94921875,17870.599609375,18041.849609375,0
2022-01-03,18090.150390625,18567.400390625,18044.599609375,18531.849609375,0
2022-01-04,18604.900390625,18720.94921875,18481.150390625,18682.19921875,0
2022-01-05,18729.400390625,19153.099609375,18629.25,19078.5,0
2022-01-06,18855.75,19123.099609375,18743.94921875,18998.0,0
2022-01-07,19092.25,19317.55078125,18953.349609375,19113.55078125,0
2022-01-10,19211.5,19434.44921875,19208.25,19410.44921875,0
2022-01-11,19430.099609375,19485.25,19224.25,19419.75,0
2022-01-12,19571.900390625,19643.349609375,19502.650390625,19613.94921875,0
2022-01-13,19620.150390625,19620.150390625,19435.75,19493.599609375,0
2022-01-14,19393.150390625,19493.94921875,19254.599609375,19450.650390625,0
2022-01-17,19376.099609375,19558.849609375,19316.099609375,19353.0,0
2022-01-18,19418.349609375,19674.25,19275.55078125,19334.599609375,0
2022-01-19,19299.80078125,19393.150390625,19120.400390625,19209.75,0
2022-01-20,19239.349609375,19278.900390625,18972.19921875,19105.099609375,0
2022-01-21,18948.099609375,19032.44921875,18755.0,18929.55078125,0
2022-01-24,18966.44921875,19005.05078125,18333.0,18643.599609375,0
2022-01-25,18467.849609375,19078.849609375,18379.150390625,19036.05078125,0
2022-01-27,18741.650390625,19221.19921875,18672.69921875,19132.900390625,0
2022-01-28,19261.75,19386.44921875,18971.150390625,19020.599609375,0
2022-01-31,19256.05078125,19300.599609375,18916.599609375,19037.150390625,0
2022-02-01,19273.599609375,19503.599609375,18986.650390625,19405.400390625,0
2022-02-02,19576.150390625,19884.80078125,19531.5,19857.150390625,0
2022-02-03,19823.30078125,19886.849609375,19589.849609375,19668.94921875,0
2022-02-04,19721.349609375,19804.69921875,19462.0,19589.849609375,0
2022-02-07,19472.94921875,19602.05078125,19032.900390625,19132.0,0
2022-02-08,19222.599609375,19236.599609375,18795.94921875,19159.650390625,0
2022-02-09,19285.349609375,19500.400390625,19248.19921875,19479.69921875,0
2022-02-10,19571.30078125,19763.69921875,19417.900390625,19673.099609375,0
2022-02-11,19443.75,19604.5,19393.80078125,19474.150390625,0
2022-02-14,19055.55078125,19123.599609375,18645.94921875,18689.400390625,0
2022-02-15,18737.400390625,19324.80078125,18536.5,19297.75,0
2022-02-16,19353.400390625,19478.55078125,19112.94921875,19217.099609375,0
2022-02-17,19271.5,19308.349609375,18932.25,18990.0,0
2022-02-18,18892.19921875,19119.75,18866.80078125,19002.099609375,0
2022-02-21,18907.099609375,19265.30078125,18805.150390625,19050.5,0
2022-02-22,18599.05078125,19079.349609375,18591.30078125,18926.150390625,0
2022-02-23,19043.099609375,19138.19921875,18929.400390625,18964.69921875,0
2022-02-24,18317.400390625,18619.0,17710.19921875,17829.69921875,0
2022-02-25,18194.80078125,18607.69921875,18117.400390625,18497.5,0
2022-02-28,18251.849609375,18437.400390625,18094.5,18397.849609375,0
2022-03-02,17975.849609375,18065.150390625,17710.849609375,17959.650390625,0
2022-03-03,18094.80078125,18179.400390625,17660.25,17774.0,0
2022-03-04,17562.44921875,17833.75,17314.94921875,17478.849609375,0
2022-03-07,16936.5,17054.099609375,16398.19921875,16644.69921875,0
2022-03-08,16490.099609375,16888.849609375,16317.4501953125,16833.19921875,0
2022-03-09,16924.30078125,17237.30078125,16729.30078125,17165.25,0
2022-03-10,17840.400390625,17959.349609375,17361.05078125,17473.80078125,0
2022-03-11,17403.599609375,17676.150390625,17287.94921875,17482.150390625,0
2022-03-14,17528.349609375,17898.150390625,17488.55078125,17828.19921875,0
2022-03-15,17911.69921875,18009.94921875,17499.349609375,17650.5,0
2022-03-16,17931.19921875,18109.80078125,17884.0,18080.650390625,0
2022-03-17,18363.0,18518.849609375,18339.599609375,18415.349609375,0
2022-03-21,18479.44921875,18507.80078125,18142.099609375,18194.900390625,0
2022-03-22,18172.44921875,18441.099609375,17898.349609375,18375.69921875,0
2022-03-23,18509.69921875,18610.55078125,18245.75,18289.599609375,0
2022-03-24,18026.099609375,18178.75,17907.19921875,17962.94921875,0
2022-03-25,18043.349609375,18058.94921875,17806.05078125,17906.849609375,0
2022-03-28,17942.349609375,18060.69921875,17715.150390625,18031.94921875,0
2022-03-29,18145.5,18165.80078125,17925.25,18099.05078125,0
2022-03-30,18307.650390625,18427.44921875,18219.5,18367.099609375,0
2022-03-31,18453.650390625,18511.05078125,18338.05078125,18420.80078125,0
2022-04-01,18381.599609375,18859.94921875,18352.099609375,18831.05078125,0
2022-04-04,19162.80078125,19619.599609375,19083.05078125,19570.05078125,0
2022-04-05,19616.099609375,19626.55078125,19204.0,19269.69921875,0
2022-04-06,19088.400390625,19171.25,18986.400390625,19023.099609375,0
2022-04-07,18930.80078125,19203.44921875,18885.05078125,18979.80078125,0
2022-04-08,19000.849609375,19137.900390625,18907.94921875,19076.849609375,0
2022-04-11,19006.30078125,19190.19921875,18958.80078125,19022.150390625,0
2022-04-12,18922.44921875,19192.150390625,18848.05078125,19108.75,0
2022-04-13,19193.599609375,19241.400390625,18912.650390625,18942.69921875,0
2022-04-18,18639.44921875,18713.55078125,18464.349609375,18619.400390625,0
2022-04-19,18656.099609375,18783.25,18170.30078125,18376.19921875,0
2022-04-20,18453.30078125,18487.55078125,18283.349609375,18377.5,0
2022-04-21,18470.400390625,18703.099609375,18425.599609375,18655.099609375,0
2022-04-22,18502.44921875,18540.349609375,18264.80078125,18288.69921875,0
2022-04-25,18154.849609375,18404.05078125,18020.94921875,18306.5,0
2022-04-26,18543.900390625,18579.30078125,18402.69921875,18478.55078125,0
2022-04-27,18310.849609375,18389.599609375,18161.55078125,18302.44921875,0
2022-04-28,18386.349609375,18519.44921875,18260.0,18479.599609375,0
2022-04-29,18498.900390625,18649.55078125,18277.5,18326.30078125,0
2022-05-02,18093.849609375,18451.75,18085.400390625,18414.599609375,0
2022-05-04,18477.19921875,18501.849609375,17899.900390625,17969.150390625,0
2022-05-05,18198.19921875,18279.80078125,17841.0,17897.150390625,0
2022-05-06,17564.55078125,17642.0,17421.80078125,17507.0,0
2022-05-09,17275.0,17479.900390625,17152.75,17349.30078125,0
2022-05-10,17296.150390625,17637.30078125,17295.69921875,17480.099609375,0
2022-05-11,17586.19921875,17620.849609375,17305.0,17573.599609375,0
2022-05-12,17387.69921875,17417.900390625,16838.650390625,16957.900390625,0
2022-05-13,17159.05078125,17204.150390625,16778.849609375,16830.05078125,0
2022-05-16,16911.900390625,17205.099609375,16776.30078125,17090.0,0
2022-05-17,17185.900390625,17482.55078125,17138.25,17455.0,0
2022-05-18,17530.900390625,17653.69921875,17399.94921875,17420.5,0
2022-05-19,17053.94921875,17146.19921875,16875.69921875,16947.44921875,0
2022-05-20,17190.0,17444.05078125,17135.19921875,17410.5,0
2022-05-23,17447.5,17694.94921875,17342.05078125,17405.099609375,0
2022-05-24,17395.349609375,17563.849609375,17334.05078125,17406.599609375,0
2022-05-25,17532.900390625,17640.900390625,17433.30078125,17453.349609375,0
2022-05-26,17627.30078125,17849.30078125,17447.599609375,17779.0,0
2022-05-27,17907.900390625,18134.94921875,17891.650390625,18106.900390625,0
2022-05-30,18297.650390625,18373.5,18203.849609375,18252.150390625,0
2022-05-31,18124.099609375,18284.849609375,18016.75,18112.400390625,0
2022-06-01,18034.69921875,18239.80078125,17992.599609375,18170.94921875,0
2022-06-02,18087.80078125,18204.69921875,18042.0,18172.150390625,0
2022-06-03,18338.55078125,18352.55078125,17930.75,17982.75,0
2022-06-06,17915.599609375,18083.69921875,17876.349609375,18019.849609375,0
2022-06-07,17902.94921875,17930.44921875,17764.599609375,17860.30078125,0
2022-06-08,17935.099609375,18066.400390625,17721.94921875,17782.75,0
2022-06-09,17700.5,17935.94921875,17665.69921875,17898.44921875,0
2022-06-10,17695.75,17730.44921875,17513.25,17588.25,0
2022-06-13,17183.75,17213.349609375,16870.75,16960.400390625,0
2022-06-14,16852.80078125,17086.19921875,16811.900390625,16883.75,0
2022-06-15,16900.30078125,16980.25,16824.05078125,16867.19921875,0
2022-06-16,17037.25,17086.19921875,16421.150390625,16464.349609375,0
2022-06-17,16357.650390625,16610.650390625,16295.099609375,16531.94921875,0
2022-06-20,16599.75,16621.19921875,16280.150390625,16417.900390625,0
2022-06-21,16571.44921875,16846.44921875,16469.650390625,16649.55078125,0
2022-06-22,16592.849609375,16624.44921875,16408.05078125,16451.75,0
2022-06-23,16499.849609375,16753.099609375,16323.4501953125,16596.099609375,0
2022-06-24,16758.69921875,16915.599609375,16732.55078125,16887.349609375,0
2022-06-27,17147.25,17154.44921875,16966.599609375,17010.19921875,0
2022-06-28,16892.400390625,16945.849609375,16814.650390625,16885.400390625,0
2022-06-29,16709.44921875,16763.650390625,16648.94921875,16696.099609375,0
2022-06-30,16656.349609375,16868.349609375,16656.349609375,16720.94921875,0
2022-07-01,16648.30078125,16896.80078125,16554.5,16834.05078125,0
2022-07-04,16852.44921875,17114.80078125,16848.75,17091.900390625,0
2022-07-05,17157.75,17289.150390625,16983.349609375,17017.599609375,0
2022-07-06,17070.5,17292.19921875,17040.75,17259.05078125,0
2022-07-07,17411.150390625,17589.55078125,17374.19921875,17565.599609375,0
2022-07-08,17746.19921875,17747.5,17567.099609375,17636.25,0
2022-07-11,17586.05078125,17883.150390625,17577.849609375,17849.849609375,0
2022-07-12,17761.44921875,17827.19921875,17640.05078125,17679.44921875,0
2022-07-13,17753.25,17757.0,17424.599609375,17494.55078125,0
2022-07-14,17500.400390625,17612.400390625,17402.44921875,17451.099609375,0
2022-07-15,17489.400390625,17578.5,17363.349609375,17462.5,0
2022-07-18,17553.849609375,17878.55078125,17533.5,17862.599609375,0
2022-07-19,17731.099609375,18094.05078125,17727.900390625,18072.19921875,0
2022-07-20,18260.650390625,18305.30078125,18090.900390625,18141.5,0
2022-07-21,18207.650390625,18431.599609375,18118.349609375,18354.150390625,0
2022-07-22,18417.30078125,18648.80078125,18398.69921875,18616.599609375,0
2022-07-25,18624.349609375,18763.75,18478.650390625,18602.849609375,0
2022-07-26,18575.599609375,18580.75,18390.599609375,18427.75,0
2022-07-27,18400.80078125,18610.05078125,18338.19921875,18591.349609375,0
2022-07-28,18761.30078125,18949.400390625,18718.650390625,18936.599609375,0
2022-07-29,19109.0,19128.44921875,18884.80078125,19045.69921875,0
2022-08-01,19097.599609375,19279.30078125,19005.55078125,19257.599609375,0
2022-08-02,19183.25,19405.19921875,19112.5,19332.94921875,0
2022-08-03,19294.80078125,19361.900390625,19136.25,19302.599609375,0
2022-08-04,19365.0,19434.44921875,18940.0,19171.900390625,0
2022-08-05,19227.75,19359.349609375,19181.150390625,19251.150390625,0
2022-08-08,19251.650390625,19520.94921875,19183.5,19488.150390625,0
2022-08-10,19516.650390625,19634.599609375,19453.30078125,19593.75,0
2022-08-11,19806.599609375,19907.650390625,19772.599609375,19866.099609375,0
2022-08-12,19890.150390625,19963.44921875,19783.44921875,19940.349609375,0
2022-08-16,20071.150390625,20157.80078125,20005.44921875,20075.099609375,0
2022-08-17,20117.5,20197.80078125,20059.0,20177.05078125,0
2022-08-18,20110.5,20330.30078125,20087.19921875,20306.099609375,0
2022-08-19,20341.75,20353.849609375,19877.25,19932.900390625,0
2022-08-22,19775.05078125,19798.69921875,19539.44921875,19592.150390625,0
2022-08-23,19401.400390625,19908.80078125,19398.94921875,19814.150390625,0
2022-08-24,19755.650390625,20160.349609375,19755.650390625,20129.44921875,0
2022-08-25,20211.5,20346.400390625,20021.30078125,20100.25,0
2022-08-26,20198.599609375,20261.900390625,19965.69921875,20043.44921875,0
2022-08-29,19564.69921875,19735.400390625,19477.75,19671.44921875,0
2022-08-30,19809.849609375,20364.44921875,19781.80078125,20320.5,0
2022-09-01,19953.69921875,20350.849609375,19951.900390625,20186.849609375,0
2022-09-02,20253.400390625,20347.80078125,20129.150390625,20220.55078125,0
2022-09-05,20215.55078125,20472.5,20208.349609375,20447.25,0
2022-09-06,20507.75,20594.0,20306.849609375,20350.650390625,0
2022-09-07,20175.599609375,20278.849609375,20122.69921875,20223.849609375,0
2022-09-08,20399.150390625,20641.69921875,20356.599609375,20603.30078125,0
2022-09-09,20768.25,20856.94921875,20631.05078125,20720.0,0
2022-09-12,20791.0,20835.650390625,20704.400390625,20794.5,0
2022-09-13,20902.849609375,20984.349609375,20831.69921875,20961.849609375,0
2022-09-14,20666.0,21386.25,20659.55078125,21276.05078125,0
2022-09-15,21356.25,21499.80078125,21119.25,21145.19921875,0
2022-09-16,21042.599609375,21211.400390625,20834.55078125,20985.650390625,0
2022-09-19,20949.05078125,21209.849609375,20854.5,20998.900390625,0
2022-09-20,21211.44921875,21449.75,21160.900390625,21349.44921875,0
2022-09-21,21240.650390625,21348.099609375,21013.400390625,21172.150390625,0
2022-09-22,21005.900390625,21163.150390625,20725.150390625,20872.150390625,0
2022-09-23,20777.0,20813.849609375,20241.0,20324.849609375,0
2022-09-26,20050.599609375,20141.80078125,19764.349609375,19796.80078125,0
2022-09-27,19915.94921875,20025.349609375,19621.849609375,19717.05078125,0
2022-09-28,19569.0,19715.349609375,19358.55078125,19432.349609375,0
2022-09-29,19620.30078125,19721.0,19312.75,19391.69921875,0
2022-09-30,19383.94921875,20014.94921875,19242.349609375,19932.44921875,0
2022-10-03,19843.0,19951.849609375,19596.19921875,19629.849609375,0
2022-10-04,19978.05078125,20274.19921875,19930.05078125,20249.55078125,0
2022-10-06,20363.80078125,20490.400390625,20297.400390625,20324.75,0
2022-10-07,20232.75,20372.30078125,20093.05078125,20347.05078125,0
2022-10-10,20054.599609375,20401.0,19979.099609375,20293.400390625,0
2022-10-11,20285.30078125,20331.349609375,20029.75,20072.0,0
2022-10-12,20115.25,20353.30078125,20029.650390625,20329.55078125,0
2022-10-13,20257.849609375,20306.55078125,19990.599609375,20111.75,0
2022-10-14,20546.69921875,20604.94921875,20406.25,20454.30078125,0
2022-10-17,20460.80078125,20774.849609375,20361.55078125,20743.75,0
2022-10-18,20918.0,20964.55078125,20824.849609375,20882.69921875,0
2022-10-19,21010.05078125,21075.900390625,20856.0,20942.94921875,0
2022-10-20,20829.5,20853.349609375,20640.94921875,20733.19921875,0
2022-10-21,20881.30078125,21213.55078125,20865.25,21077.650390625,0
2022-10-24,21376.05078125,21409.75,21260.44921875,21308.599609375,0
2022-10-25,21408.80078125,21418.30078125,21080.900390625,21129.5,0
2022-10-27,21297.94921875,21349.849609375,21188.0,21257.75,0
2022-10-28,21227.099609375,21340.5,21054.900390625,21116.650390625,0
2022-10-31,21240.650390625,21273.19921875,21131.30078125,21193.900390625,0
2022-11-01,21319.5,21353.150390625,21114.0,21162.80078125,0
2022-11-02,21265.099609375,21265.94921875,21056.900390625,21089.650390625,0
2022-11-03,20961.400390625,21273.849609375,20933.099609375,21162.349609375,0
2022-11-04,21173.75,21261.599609375,21024.349609375,21108.44921875,0
2022-11-07,21248.69921875,21265.349609375,21036.69921875,21218.900390625,0
2022-11-09,21322.19921875,21339.650390625,21157.25,21219.099609375,0
2022-11-10,21056.80078125,21161.849609375,20997.55078125,21146.44921875,0
2022-11-11,21412.849609375,21541.19921875,21304.30078125,21447.900390625,0
2022-11-14,21457.599609375,21511.69921875,21357.55078125,21444.400390625,0
2022-11-15,21526.650390625,21628.900390625,21452.099609375,21588.75,0
2022-11-16,21586.900390625,21681.94921875,21559.599609375,21644.849609375,0
2022-11-17,21578.900390625,21693.30078125,21562.400390625,21616.80078125,0
2022-11-18,21659.0,21678.80078125,21424.400390625,21530.650390625,0
2022-11-21,21445.69921875,21522.44921875,21414.19921875,21499.05078125,0
2022-11-22,21567.0,21592.05078125,21494.94921875,21563.75,0
2022-11-23,21673.150390625,21737.75,21618.94921875,21670.30078125,0
2022-11-24,21728.30078125,21860.05078125,21693.75,21813.849609375,0
2022-11-25,21877.150390625,21955.75,21756.5,21821.5,0
2022-11-28,21708.75,21962.75,21702.75,21879.349609375,0
2022-11-29,21848.349609375,22014.25,21848.349609375,21897.349609375,0
2022-11-30,21944.900390625,22076.05078125,21820.25,22018.599609375,0
2022-12-01,22153.80078125,22156.25,21929.849609375,21991.650390625,0
2022-12-02,21849.900390625,21958.94921875,21833.349609375,21925.94921875,0
2022-12-05,22016.30078125,22078.5,21884.05078125,22056.849609375,0
2022-12-06,21949.80078125,22044.849609375,21911.349609375,21961.19921875,0
2022-12-07,21964.69921875,22040.75,21813.400390625,21882.55078125,0
2022-12-08,21892.5,22165.44921875,21875.900390625,22138.69921875,0
2022-12-09,22224.0,22242.099609375,21978.25,22105.25,0
2022-12-12,22017.150390625,22194.900390625,21971.55078125,22169.5,0
2022-12-13,22219.900390625,22344.44921875,22204.349609375,22331.849609375,0
2022-12-14,22401.599609375,22457.75,22349.0,22427.900390625,0
2022-12-15,22374.80078125,22491.650390625,22121.5,22189.69921875,0
2022-12-16,22069.55078125,22255.44921875,21962.900390625,22054.44921875,0
2022-12-19,22124.900390625,22184.0,21977.44921875,22164.30078125,0
2022-12-20,22033.05078125,22140.5,21892.30078125,22108.400390625,0
2022-12-21,22172.44921875,22200.650390625,21572.30078125,21693.55078125,0
2022-12-22,21826.349609375,21852.80078125,21435.099609375,21512.19921875,0
2022-12-23,21260.349609375,21405.099609375,21084.05078125,21122.150390625,0
2022-12-27,21739.599609375,21800.849609375,21513.69921875,21769.05078125,0
2022-12-28,21703.5,21846.650390625,21685.44921875,21754.400390625,0
2022-12-29,21669.69921875,22094.75,21582.30078125,21978.150390625,0
2022-12-30,22058.349609375,22065.849609375,21780.19921875,21862.0,0
2023-01-02,21886.75,22082.650390625,21851.69921875,21999.5,0
2023-01-03,21968.0,22164.5,21967.400390625,22139.0,0
2023-01-04,22154.69921875,22222.599609375,21853.0,21915.55078125,0
2023-01-05,21977.0,22008.099609375,21566.75,21742.599609375,0
2023-01-06,21757.19921875,21789.75,21343.400390625,21499.94921875,0
2023-01-09,21601.849609375,21779.599609375,21508.80078125,21700.400390625,0
2023-01-10,21727.69921875,21743.0,21361.44921875,21455.30078125,0
2023-01-11,21489.94921875,21589.150390625,21295.5,21543.900390625,0
2023-01-12,21549.94921875,21609.150390625,21273.099609375,21441.69921875,0
2023-01-13,21487.69921875,21636.69921875,21343.650390625,21600.80078125,0
2023-01-16,21728.5,21780.400390625,21431.05078125,21487.30078125,0
2023-01-17,21540.599609375,21567.599609375,21322.099609375,21515.30078125,0
2023-01-18,21529.849609375,21672.0,21445.150390625,21631.599609375,0
2023-01-19,21601.349609375,21648.099609375,21474.849609375,21532.5,0
2023-01-20,21619.0,21719.5,21544.94921875,21612.94921875,0
2023-01-23,21834.30078125,21869.80078125,21681.599609375,21739.150390625,0
2023-01-24,21824.30078125,21857.849609375,21626.849609375,21700.0,0
2023-01-25,21672.150390625,21687.30078125,21154.0,21200.75,0
2023-01-27,21068.900390625,21092.0,20526.69921875,20629.599609375,0
2023-01-30,20378.849609375,20821.05078125,20136.650390625,20645.69921875,0
2023-01-31,20717.650390625,20797.349609375,20493.55078125,20731.349609375,0
2023-02-01,20956.150390625,21447.150390625,20216.650390625,20712.25,0
2023-02-02,20438.349609375,20898.44921875,20411.05078125,20852.650390625,0
2023-02-03,21028.849609375,21216.400390625,20816.80078125,21195.25,0
2023-02-06,21136.650390625,21341.650390625,21112.900390625,21168.55078125,0
2023-02-07,21237.5,21278.44921875,21018.19921875,21208.849609375,0
2023-02-08,21225.599609375,21333.099609375,21154.69921875,21241.69921875,0
2023-02-09,21281.650390625,21287.69921875,21095.599609375,21255.25,0
2023-02-10,21206.19921875,21303.0,21179.44921875,21254.5,0
2023-02-13,21245.55078125,21268.099609375,21033.25,21088.80078125,0
2023-02-14,21148.099609375,21286.5,21018.30078125,21251.69921875,0
2023-02-15,21264.349609375,21321.400390625,21141.5,21289.69921875,0
2023-02-16,21386.099609375,21416.75,21205.30078125,21256.25,0
2023-02-17,21191.099609375,21197.05078125,20866.94921875,20978.55078125,0
2023-02-20,21024.75,21057.0,20726.19921875,20778.900390625,0
2023-02-21,20817.55078125,20897.05078125,20670.5,20763.599609375,0
2023-02-22,20668.44921875,20687.30078125,20369.150390625,20415.75,0
2023-02-23,20409.80078125,20491.94921875,20203.349609375,20416.80078125,0
2023-02-24,20543.900390625,20593.80078125,20333.55078125,20383.349609375,0
2023-02-27,20337.900390625,20596.80078125,20296.849609375,20558.0,0
2023-02-28,20559.400390625,20624.30078125,20478.75,20587.0,0
2023-03-01,20695.900390625,20816.05078125,20618.80078125,20795.849609375,0
2023-03-02,20745.5,20846.349609375,20602.55078125,20639.349609375,0
2023-03-03,20750.44921875,21061.400390625,20668.599609375,20978.599609375,0
2023-03-06,21064.150390625,21195.44921875,20982.650390625,21022.94921875,0
2023-03-08,20940.69921875,21194.099609375,20880.55078125,21165.55078125,0
2023-03-09,21147.0,21201.94921875,20970.099609375,20995.900390625,0
2023-03-10,20770.099609375,20785.0,20537.150390625,20608.650390625,0
2023-03-13,20526.349609375,20660.099609375,20044.69921875,20104.849609375,0
2023-03-14,20089.0,20200.849609375,19889.80078125,20023.0,0
2023-03-15,20223.55078125,20298.5,19794.150390625,19852.80078125,0
2023-03-16,19856.849609375,19966.25,19592.900390625,19838.55078125,0
2023-03-17,20000.0,20116.5,19747.599609375,20063.30078125,0
2023-03-20,20032.150390625,20032.150390625,19733.44921875,19956.69921875,0
2023-03-21,20075.0,20285.55078125,19958.94921875,20243.599609375,0
2023-03-22,20322.94921875,20347.55078125,20225.19921875,20320.80078125,0
2023-03-23,20238.599609375,20449.0,20113.30078125,20147.80078125,0
2023-03-24,20110.5,20219.849609375,19979.69921875,20031.05078125,0
2023-03-27,20078.19921875,20136.19921875,19919.80078125,19996.80078125,0
2023-03-28,20056.5,20101.900390625,19927.19921875,20065.05078125,0
2023-03-29,20077.69921875,20313.349609375,20075.900390625,20229.25,0
2023-03-31,20395.650390625,20658.900390625,20367.05078125,20618.099609375,0
2023-04-03,20675.650390625,20795.44921875,20592.44921875,20774.19921875,0
2023-04-05,20865.44921875,20878.150390625,20745.75,20829.80078125,0
2023-04-06,20796.150390625,20951.25,20719.94921875,20829.75,0
2023-04-10,20873.349609375,20885.150390625,20662.5,20723.900390625,0
2023-04-11,20909.150390625,20987.150390625,20778.75,20962.349609375,0
2023-04-12,20979.400390625,21088.349609375,20938.30078125,21065.0,0
2023-04-13,21085.599609375,21323.44921875,20928.69921875,21289.30078125,0
2023-04-17,21565.400390625,21565.400390625,21155.30078125,21366.400390625,0
2023-04-18,21438.349609375,21522.650390625,21331.94921875,21396.05078125,0
2023-04-19,21404.599609375,21427.650390625,21271.19921875,21336.19921875,0
2023-04-20,21366.30078125,21453.30078125,21310.599609375,21402.900390625,0
2023-04-21,21396.349609375,21481.900390625,21245.5,21322.30078125,0
2023-04-24,21524.400390625,21637.75,21405.5,21557.349609375,0
2023-04-25,21618.400390625,21668.55078125,21546.650390625,21582.25,0
2023-04-26,21518.80078125,21702.05078125,21489.69921875,21681.25,0
2023-04-27,21681.400390625,21834.599609375,21657.69921875,21812.25,0
2023-04-28,21834.44921875,21922.19921875,21706.650390625,21885.75,0
2023-05-02,21976.400390625,22019.849609375,21900.25,21953.5,0
2023-05-03,21879.75,21985.69921875,21834.19921875,21966.94921875,0
2023-05-04,21930.5,22127.650390625,21906.75,22102.599609375,0
2023-05-05,21833.150390625,22046.349609375,21436.150390625,21478.94921875,0
2023-05-08,21566.25,21896.5,21560.75,21843.30078125,0
2023-05-09,21923.599609375,22047.5,21839.30078125,21874.94921875,0
2023-05-10,21929.25,22014.80078125,21732.150390625,21989.150390625,0
2023-05-11,22099.599609375,22211.650390625,22011.650390625,22068.150390625,0
2023-05-12,22061.099609375,22257.75,21972.30078125,22204.30078125,0
2023-05-15,22217.44921875,22418.75,22128.94921875,22375.650390625,0
2023-05-16,22407.0,22407.0,22205.650390625,22245.099609375,0
2023-05-17,22259.400390625,22271.05078125,22028.94921875,22143.599609375,0
2023-05-18,22304.44921875,22334.349609375,22183.349609375,22214.599609375,0
2023-05-19,22297.44921875,22344.05078125,22087.19921875,22314.900390625,0
2023-05-22,22276.44921875,22334.849609375,22161.150390625,22257.25,0
2023-05-23,22298.05078125,22378.900390625,22242.05078125,22306.400390625,0
2023-05-24,22206.650390625,22325.099609375,22150.900390625,22170.400390625,0
2023-05-25,22147.05078125,22208.55078125,22025.849609375,22189.349609375,0
2023-05-26,22231.349609375,22391.099609375,22131.5,22361.80078125,0
2023-05-29,22469.849609375,22561.80078125,22420.349609375,22452.44921875,0
2023-05-30,22442.599609375,22614.150390625,22410.69921875,22583.599609375,0
2023-05-31,22562.400390625,22574.30078125,22309.44921875,22470.69921875,0
2023-06-01,22472.05078125,22510.69921875,22266.94921875,22311.19921875,0
2023-06-02,22408.80078125,22440.30078125,22300.80078125,22357.19921875,0
2023-06-05,22460.900390625,22593.30078125,22454.349609375,22509.44921875,0
2023-06-06,22536.5,22595.849609375,22477.05078125,22559.5,0
2023-06-07,22634.849609375,22645.80078125,22523.150390625,22586.55078125,0
2023-06-08,22551.849609375,22673.349609375,22374.55078125,22414.05078125,0
2023-06-09,22434.599609375,22588.849609375,22407.55078125,22465.75,0
2023-06-12,22490.19921875,22529.30078125,22410.650390625,22457.900390625,0
2023-06-13,22440.19921875,22590.5,22440.19921875,22558.69921875,0
2023-06-14,22604.55078125,22619.5,22460.0,22476.349609375,0
2023-06-15,22514.349609375,22525.849609375,22182.150390625,22206.30078125,0
2023-06-16,22278.650390625,22554.900390625,22255.650390625,22492.05078125,0
2023-06-19,22530.94921875,22541.650390625,22230.5,22291.099609375,0
2023-06-20,22263.650390625,22402.349609375,22159.849609375,22375.0,0
2023-06-21,22438.849609375,22476.650390625,22312.650390625,22390.900390625,0
2023-06-22,22392.25,22467.150390625,22269.5,22297.30078125,0
2023-06-23,22260.80078125,22386.0,22199.650390625,22292.849609375,0
2023-06-26,22347.80078125,22368.44921875,22251.599609375,22302.900390625,0
2023-06-27,22392.349609375,22585.5,22324.19921875,22550.05078125,0
2023-06-28,22696.55078125,22737.650390625,22551.94921875,22658.69921875,0
2023-06-30,22815.0,22945.349609375,22709.94921875,22923.150390625,0
2023-07-03,23040.099609375,23207.849609375,22997.099609375,23064.599609375,0
2023-07-04,23140.900390625,23256.099609375,22945.900390625,23057.25,0
2023-07-05,22970.099609375,23151.650390625,22933.80078125,23037.900390625,0
2023-07-06,22991.150390625,23162.5,22979.400390625,23122.05078125,0
2023-07-07,23023.05078125,23070.5,22829.599609375,22868.5,0
2023-07-10,22889.5,22965.05078125,22761.05078125,22842.19921875,0
2023-07-11,22914.099609375,23022.150390625,22808.849609375,22854.099609375,0
2023-07-12,22911.44921875,22954.75,22751.099609375,22787.25,0
2023-07-13,22962.0,22975.599609375,22767.25,22792.650390625,0
2023-07-14,22898.0,22964.5,22785.94921875,22920.900390625,0
2023-07-17,22994.30078125,23297.19921875,22868.0,23224.94921875,0
2023-07-18,23379.0,23457.349609375,23150.400390625,23236.30078125,0
2023-07-19,23375.349609375,23399.94921875,23250.900390625,23327.0,0
2023-07-20,23357.099609375,23630.349609375,23303.099609375,23596.349609375,0
2023-07-21,23535.05078125,23652.30078125,23445.44921875,23552.349609375,0
2023-07-24,23614.150390625,23632.599609375,23450.44921875,23497.44921875,0
2023-07-25,23601.69921875,23603.0,23365.599609375,23472.150390625,0
2023-07-26,23510.349609375,23654.69921875,23454.94921875,23632.69921875,0
2023-07-27,23759.099609375,23778.25,23342.94921875,23389.650390625,0
2023-07-28,23346.099609375,23430.5,23181.69921875,23312.5,0
2023-07-31,23378.349609375,23432.19921875,23269.55078125,23411.099609375,0
2023-08-01,23477.44921875,23511.099609375,23336.5,23415.69921875,0
2023-08-02,23232.0,23318.55078125,22964.30078125,23126.94921875,0
2023-08-03,23042.30078125,23137.0,22780.150390625,22894.55078125,0
2023-08-04,23003.80078125,23210.599609375,22883.349609375,23180.5,0
2023-08-07,23246.400390625,23277.44921875,23126.05078125,23201.849609375,0
2023-08-08,23223.30078125,23335.05078125,23191.55078125,23246.5,0
2023-08-09,23238.5,23238.5,23030.400390625,23209.099609375,0
2023-08-10,23162.849609375,23272.05078125,22988.75,23059.849609375,0
2023-08-11,23063.099609375,23067.44921875,22789.80078125,22830.55078125,0
2023-08-14,22763.30078125,22878.400390625,22615.099609375,22819.55078125,0
2023-08-16,22644.19921875,22742.94921875,22578.099609375,22715.400390625,0
2023-08-17,22699.44921875,22783.849609375,22607.05078125,22671.349609375,0
2023-08-18,22581.150390625,22706.349609375,22556.44921875,22624.30078125,0
2023-08-21,22678.5,22800.25,22639.44921875,22752.099609375,0
2023-08-22,22815.0,22845.599609375,22763.19921875,22793.5,0
2023-08-23,22838.30078125,23105.400390625,22779.849609375,23080.80078125,0
2023-08-24,23216.849609375,23348.19921875,23044.75,23080.80078125,0
2023-08-25,22967.900390625,23028.55078125,22808.05078125,22984.19921875,0
2023-08-28,22996.55078125,23178.30078125,22963.0,23125.099609375,0
